"","Pval","log2FoldChange_BCH_vs_BPFC","BCH_309","BCH_313","BCH_314","BCH_317","BPFC_384","BPFC_385","BPFC_386","BPFC_387"
"ENSMUSG00000000148",0.0796728173698965,0.280267318222458,462.138750045298,438.19660388139,403.640358934275,380.836967604182,375.760308161287,397.955915527097,353.660106576151,259.963173981237
"ENSMUSG00000000263",0.149194174795445,0.633277132222764,63.5866584828911,84.9367866554235,30.6687527621631,91.6216472786872,38.7762480166439,38.1834034087833,58.1224130584761,39.514402445148
"ENSMUSG00000000563",0.0886988066275812,-0.209360255090975,3541.54978228817,3259.44918790188,3429.95373633611,3344.74206330629,3873.9318256628,3480.62935072954,3694.22116897094,4647.10169808859
"ENSMUSG00000001134",0.0745118187537527,-0.477930657717311,61.3157063942164,49.2247286298477,56.3909324981708,56.2976386893138,82.1687160352691,74.6697666660652,53.1967848331815,100.86571150472
"ENSMUSG00000001158",0.0712335827921204,-0.219651939120047,708.5370516665,800.143137924388,895.329717734116,853.295582487051,933.399684400641,881.61235870502,895.479211358555,1082.48665645787
"ENSMUSG00000001504",0.125620376791181,0.822874163733313,57.9092782612044,79.1456421107356,23.7435505255456,76.1673935208363,27.6973200118885,24.6070821967715,27.5835180616497,54.0723401880972
"ENSMUSG00000001741",0.0571428571428571,0.642198441300256,116.954032566746,118.718463166103,111.792550391111,266.033939688718,92.3244000396282,115.398730302101,107.378695311422,77.988952194371
"ENSMUSG00000001930",0.100815256541177,0.363846769643171,231.637113044817,211.376775881111,262.168370386233,315.708326767525,207.729900089164,181.583296210659,158.605228854486,245.405236238287
"ENSMUSG00000001995",0.0740631959469655,0.212323496999587,987.864158573486,1142.78585681843,908.190807602119,1161.27678237565,869.695848373298,981.737727643607,900.40483958385,873.476264576955
"ENSMUSG00000002020",0.18255250326401,1.0781334370368,61.3157063942164,45.3639656000557,38.5832696040116,146.815410699583,38.7762480166439,45.82008409054,24.6281411264729,29.1158754858985
"ENSMUSG00000002100",0.284474962853824,1.30843822909313,22.7095208867468,5.79114454468797,12.8610898680039,61.8170150314034,6.46270800277398,22.0615219695193,6.89587951541242,6.23911617554968
"ENSMUSG00000002250",0.0846731092703694,0.23768530325755,522.318980395177,548.228350230461,656.904897873428,641.35153095081,431.154948185064,523.536886738207,563.4918689737,490.810472476575
"ENSMUSG00000002265",0.0942240830899079,0.220976376190202,7470.29689569536,8179.02647861431,6248.51104663942,6687.27637607575,6008.471954579,6481.84485865991,5970.84653470209,6064.42092263429
"ENSMUSG00000002266",0.101148034875187,0.463623423341565,161.237598295902,170.838764068295,117.728438022497,102.660399962866,97.8638640420059,112.853170074849,81.7654285398901,108.144680376194
"ENSMUSG00000002489",0.0762797881817111,0.226304573675036,1884.89023359999,2126.31523865793,1745.1509636276,2070.87000355201,1864.95288080049,1792.07439998556,1617.57630918674,1416.27937184978
"ENSMUSG00000002768",0.0589440545586369,-0.244021344072941,1001.48987110553,1034.68449198425,1259.39749245915,1303.67669200156,1338.70380057461,1286.35643483812,1317.11298744377,1504.6668510034
"ENSMUSG00000002846",0.0562461019279637,-0.316916161630737,308.849484059757,295.348371779086,391.768583671502,360.967212772659,420.999264180705,347.044710982053,451.187545436984,471.053271254001
"ENSMUSG00000003865",0.0565682226177195,0.277781714025985,349.726621655901,395.728210553678,433.319797091207,487.91286864072,328.674864141077,370.803273103074,347.749352705797,327.553599216358
"ENSMUSG00000004328",0.191683487161753,0.683287105466873,111.276652345059,69.4937345362556,121.685696443421,176.620042946867,60.0108600257583,51.7597246207952,48.2711566078869,138.300408558018
"ENSMUSG00000004748",0.0504076810825415,-0.195510272786851,1622.59526735806,1660.12810281055,1995.44755875106,1752.95392624765,2076.37575689124,1831.95484354585,2032.31420575654,2110.90097272764
"ENSMUSG00000004892",0.0520235421068698,0.165800264365328,6044.13898400766,5438.84991821945,5539.17247468874,6347.28279340303,5427.75147832974,5125.06125753447,5268.45194977509,5011.05014166232
"ENSMUSG00000005442",0.0757004129067335,0.255140597174334,3166.84268765684,3114.67057428468,2770.08089464699,3718.95577929997,2625.70593712703,3034.30779088465,2689.39301101084,2351.1069454863
"ENSMUSG00000006014",0.0779439909677169,-0.641640645215308,112.412128389397,109.066555591623,138.504044732349,100.452649426031,160.644456068953,181.583296210659,118.21507740707,257.883468589387
"ENSMUSG00000006522",0.158400191534116,0.299100102409691,839.116796765295,803.038710196732,1023.94061641415,1217.57442106496,711.821124305534,741.606546206147,733.918605568893,969.14271260205
"ENSMUSG00000006764",0.137633145316715,2.26551207975927,27.2514250640962,157.326093464023,28.6901235517009,125.841780599643,13.8486600059442,22.91004204527,9.85125645058917,23.9166120062738
"ENSMUSG00000007833",0.106166588224579,-0.382965692783754,128.308793010119,102.310220289487,104.867348154493,161.165789189016,162.490944069746,132.369131817116,200.965631592019,151.818493605042
"ENSMUSG00000010080",0.0508002049230019,0.413531897038327,94.2445116799993,104.240601804383,117.728438022497,130.257281673314,85.8616920368543,87.3975678023263,61.0777899936528,100.86571150472
"ENSMUSG00000010592",0.0738702958546143,-0.647164638385795,48.8254699065056,53.0854916596397,43.5298426301669,20.9736300999404,48.0086880206067,60.2449253783026,65.0182925738885,87.3476264576955
"ENSMUSG00000010825",0.119222586261898,0.571319178201925,93.1090356356619,82.0412143830795,132.568157100963,151.230911773255,104.32657204478,93.3372083325815,57.1372874134172,54.0723401880972
"ENSMUSG00000011382",0.0649517045558923,0.348274258263339,219.146876557107,276.044556630126,205.777437888062,219.671178415166,194.804484083616,201.099257952926,192.099500786489,135.180850470243
"ENSMUSG00000011751",0.114285714285714,0.256601122047803,6065.71302885007,5594.24563016858,5086.06638549292,6108.84573542476,4990.13382214191,5148.8198196555,5161.07325446366,3830.8173317875
"ENSMUSG00000013076",0.10341526301075,0.251685328223875,879.993934361439,928.513508664971,943.806133390438,886.411840539588,806.915256346351,708.514263251869,622.599407677235,918.189930501728
"ENSMUSG00000014198",0.2,1.54434389367264,23.8449969310842,22.1993874213039,10.8824606575417,90.5177720102693,6.46270800277398,17.8189215907656,13.7917590308248,12.4782323510994
"ENSMUSG00000014602",0.0717411612627831,0.200614021231159,19415.5048821242,19689.8914519391,17970.8998040223,22324.773428484,16006.2812348703,19386.9866907529,17306.687332395,16393.2777512568
"ENSMUSG00000014956",0.124912870688029,-0.219437250465255,3858.34759865828,4164.7981183881,4175.89694868033,3458.44121595334,4414.02956589463,4023.68219921001,4310.90982277782,5481.06356022039
"ENSMUSG00000015202",0.14429767530747,0.685575034696246,96.5154637686739,149.604567404439,129.60021328527,251.683561199285,84.0152040360617,127.278011362611,75.8546746695366,102.94541689657
"ENSMUSG00000015305",0.0594399920479392,0.253018755700142,1505.64123479131,1469.02033283585,1348.43580692994,1102.7713931495,1138.35985248862,1203.20146741455,1090.53408908022,1120.96120620709
"ENSMUSG00000015354",0.0762189647315271,0.354200871395753,197.572831714697,176.629908612983,225.563729992683,167.789040799524,188.341776080842,140.005812498872,118.21507740707,153.898198996892
"ENSMUSG00000015405",0.0829182561219719,-0.912995983527853,10.2192843990361,13.5126706042719,28.6901235517009,9.93487741576126,40.6227360174364,28.8496825755252,16.7471359660016,31.1955808777484
"ENSMUSG00000016200",0.0526428864698501,0.277107031585288,319.068768458793,279.905319659918,293.826437753627,237.333182709852,262.201296112544,224.009299998196,237.415280459199,209.010391880914
"ENSMUSG00000016481",0.0509357498204059,-0.265653070025824,263.430442286263,235.506544817311,282.943977096085,250.579685930867,296.361324127207,313.103907952023,270.909552391202,360.828885485956
"ENSMUSG00000018102",0.0747649100574447,-0.311574502447399,474.628986533008,529.889725838949,345.270797225642,387.460219214689,493.012296211615,509.112045450444,548.714984297816,605.194269028319
"ENSMUSG00000018126",0.067279769754486,-0.551126568907024,68.1285626602404,89.7627404426635,70.2413369714057,96.0371483523589,153.258504065783,103.51944924159,133.977087728013,84.2280683699207
"ENSMUSG00000018698",0.141985687307058,1.2605716267073,40.8771375961443,54.0506824170877,14.839719078466,97.1410236207768,15.6951480067368,33.9408030300296,12.8066333857659,23.9166120062738
"ENSMUSG00000018821",0.0790038851292227,-0.257608970683511,367.894238365298,338.781955864246,481.79621274753,443.757857904003,462.545244198537,462.443441284154,486.652068659105,539.683549185047
"ENSMUSG00000019230",0.221260448531972,0.526721562405161,165.779502473252,191.107769974703,78.1558538132543,102.660399962866,75.7060080324951,88.246087878077,88.6613080553025,120.622912727294
"ENSMUSG00000019579",0.0697848820767686,-0.256611110614813,509.828743907466,411.171262672846,512.464965509693,586.157767529915,560.409108240543,567.659930677246,608.80764864641,675.904252351215
"ENSMUSG00000019872",0.10174812477183,-0.335478942333547,294.088295483371,331.060429804662,282.943977096085,215.255677341494,324.058644139095,316.497988255026,334.942719320032,441.937395768102
"ENSMUSG00000019880",0.0804724204907719,-0.354729424947062,181.676167093974,210.411585123663,261.179055781002,238.43705797827,327.75162014068,220.615219695193,276.820306261556,315.075366865259
"ENSMUSG00000019929",0.123663331590988,-0.311107984984379,263.430442286263,303.06989783867,320.537932094866,296.94244720442,389.608968167231,301.224626891513,313.269955128735,464.814155078451
"ENSMUSG00000020089",0.0750867730476941,-0.228190839746288,1189.97889446553,1212.27959135468,1216.85696443421,1256.21005545959,1315.6227005647,1287.20495491387,1481.62897016861,1626.32961642662
"ENSMUSG00000020152",0.0923796708900761,-0.198673834663995,5002.90745135032,5254.49848354688,5327.4591491693,4082.13074260946,5408.36335432142,5336.34275639641,5526.55486878052,6299.42763191333
"ENSMUSG00000020182",0.185996447448886,0.472553056254844,253.211157887227,414.06683494519,203.7988086776,258.306812809793,141.256332060631,217.22113939219,187.173872561194,268.281995548636
"ENSMUSG00000020307",0.131342611601288,-0.268422743260868,574.550878434694,560.775830077285,686.58433603036,805.82894594508,745.0579083198,700.877582570112,781.204636531721,937.947131724302
"ENSMUSG00000020392",0.103166584302,-0.251143482388862,679.01467451373,748.022837022196,913.137380628275,870.957586781737,930.629952399453,871.430117796011,893.508960068437,1126.16046968672
"ENSMUSG00000020422",0.0576703604578484,0.27973018782738,1326.23601978601,1284.66889816328,1096.16058259602,1146.92640388622,808.761744347143,1143.805062112,1076.7423300494,969.14271260205
"ENSMUSG00000020436",0.106513928907879,-0.202230428791479,2273.22304076336,2321.28377166243,2341.70767058194,2045.4808723784,2386.58574102439,2414.88813558661,2456.90335877694,3074.84442185007
"ENSMUSG00000020538",0.0571428571428571,0.206912699796468,1569.2278932742,1255.71317543984,1295.01281824747,1279.39143609637,1141.1295844898,1127.68318067273,1145.70112520352,1263.42102554881
"ENSMUSG00000020914",0.125199234218837,-0.950578474430084,10.2192843990361,14.4778613617199,17.8076628941592,23.1813806367763,53.5481520229844,32.2437628785282,26.5983924165907,14.5579377429492
"ENSMUSG00000021061",0.103848861456056,0.247000922741249,3163.43625952383,3077.02813474421,2604.8653555734,3726.68290617889,2547.23019709334,2994.42734732436,2574.13331053895,2477.96897438915
"ENSMUSG00000021255",0.0789016730939458,0.544904613648713,48.8254699065056,46.3291563575037,76.1772246027922,71.7518924471647,34.1600280146624,54.3052848480474,34.4793975770621,43.6738132288477
"ENSMUSG00000021340",0.0821126660960395,0.282136086704583,732.382048597585,754.779172324332,919.073268259661,886.411840539588,554.869644238166,761.971028024165,624.569658967353,766.371436896686
"ENSMUSG00000021548",0.0556990311285301,-0.308565699484087,608.615159764815,734.510166417924,603.481909190951,515.509750351168,732.132492314252,705.968703024616,722.097097828186,889.074055015829
"ENSMUSG00000021774",0.0568506467431236,-0.23070887368249,890.213218760475,876.393207762779,839.928099841176,758.36230940311,927.860220398264,925.735402644058,944.735493611501,1150.07708169299
"ENSMUSG00000021782",0.085895759243157,0.29283562113928,758.497997617343,909.209693516011,661.851470899584,654.598034171825,664.735680285323,611.782974616284,636.39116670806,523.045906050248
"ENSMUSG00000022051",0.0672943668851927,-0.235402814891055,1945.07046394986,1954.51128383219,2091.41107545848,1727.56479507404,2213.93911295029,1944.8080136207,2340.65853265999,2587.15350746127
"ENSMUSG00000022125",0.0572136807025066,-0.358444079838411,204.385687980721,221.028683455591,184.012516572978,166.685165531106,201.26719208639,230.797460604201,273.864929326379,289.079049467135
"ENSMUSG00000022205",0.0953843067472495,-0.191703397129212,4018.44972090985,3767.13952631952,4462.79818419734,4216.80352535645,4691.00276601351,4181.50693329965,4531.57796727102,5400.99490263417
"ENSMUSG00000022342",0.0584146732245028,-0.28841016771005,1040.096056613,882.184352307467,1037.79102088739,887.515715808006,1019.2613764375,1077.62049620344,1321.05349002401,1281.09852137953
"ENSMUSG00000022443",0.102218257597167,0.28724652496739,1546.51837238746,2011.45753852162,1541.35215495,2052.10412398891,1395.94492859918,1622.37038483542,1495.42072919944,1346.60924122281
"ENSMUSG00000022658",0.094561144851225,-0.199933077652543,4389.75038740816,4160.93735535831,4852.58813865838,5396.8461872952,4969.82245413319,5180.21506245827,5446.75969153075,5997.87035009509
"ENSMUSG00000022677",0.0596706438119091,-0.280269892437614,560.925165902646,594.557506587965,639.097234979269,512.198124545914,714.590856306722,595.66109317702,673.825941220299,817.324218997008
"ENSMUSG00000022678",0.0535108102356389,0.249544508192709,422.397088493491,503.829575387853,485.753471168454,449.277234246093,331.444596142265,443.775999617637,372.37749383227,418.020783761828
"ENSMUSG00000022949",0.0700085244888189,0.572536449704625,260.024014153251,307.89585162591,365.057089330264,249.475810662449,216.03909609273,184.977376513661,112.304323536716,281.80008059566
"ENSMUSG00000022965",0.113962760239643,-0.262373401954035,594.989447232766,572.358119166661,657.89421247866,495.639995519645,663.812436284927,674.573460221839,598.956392195821,846.440094482906
"ENSMUSG00000022983",0.0571428571428571,0.212162695040729,793.697754991801,789.52603959246,696.477482082671,758.36230940311,697.972464299589,665.239739388581,690.5730771863,568.799424670946
"ENSMUSG00000023030",0.104906231246013,0.261106785678128,1034.41867639132,1047.23197183107,886.425886287036,890.82734161326,807.838500346747,955.433605295334,843.267552170433,613.513090595718
"ENSMUSG00000023236",0.0996794710239508,-0.210771299814592,3229.2938700954,2659.10053676923,3426.98579252042,2666.96264849769,3337.52706143256,3388.98918254846,3255.84025691972,3884.8896719756
"ENSMUSG00000024014",0.0713155265826525,0.467015522603329,120.360460699758,73.3544975660476,96.9528313126446,101.556524694448,57.2411280245695,80.6094071963204,87.6761824102436,58.231750971797
"ENSMUSG00000024039",0.0707234082687134,0.234202359401633,651.763249449633,656.329715064636,794.419628000547,801.413444871409,631.498896271057,544.749888631976,617.673779451941,674.86439965529
"ENSMUSG00000024130",0.0504928235323715,0.191692388342002,1708.8914467277,1595.46032206154,1525.52312126631,1767.30430473709,1359.01516858333,1608.7940636234,1480.64384452355,1327.89189269616
"ENSMUSG00000024376",0.0634875725588104,0.389016348883839,145.34093367518,153.465330434231,97.9421459178756,137.98440855224,100.633596043195,108.610569696095,84.7208054750668,114.383796551744
"ENSMUSG00000024517",0.054673244401675,-0.333845589262869,151.018313896866,106.170983319279,141.471988548043,147.919285968001,180.955824077671,196.856657574172,146.783721113779,164.296725956142
"ENSMUSG00000024659",0.063318923026544,-0.915701622256389,27.2514250640962,28.9557227234398,25.7221797360077,28.7007569788659,59.0876160253621,48.3656443177922,30.5388949968264,70.7099833228964
"ENSMUSG00000024670",0.109852400811031,-0.655168962299397,21.5740448424095,34.7468672681278,41.5512134197048,33.1162580525375,50.7784200217955,64.4875257570563,65.0182925738885,25.9963173981237
"ENSMUSG00000024750",0.0512635336398236,-0.209211119681958,2386.77064519709,2416.83765664978,2468.33994005151,2094.05138418879,2565.69507710127,2493.80050263143,2713.03602649226,3055.08722062749
"ENSMUSG00000024871",0.130718748938893,-0.47022531884304,450.783989601924,626.408801583749,461.020606037677,376.42146653051,887.237484380827,440.381919314634,655.10855396418,669.665136175666
"ENSMUSG00000024896",0.110005467198639,-0.230816496223003,874.316554139752,853.228629584027,1031.855133256,876.476963123827,1010.95218043393,923.189842416806,1063.93569666363,1268.62028902843
"ENSMUSG00000024940",0.0571428571428571,0.27141826960049,1334.18435209638,1308.79866709948,1080.33154891233,1342.31232639619,1071.88628446008,1071.68085567319,1167.37388939482,885.954496928054
"ENSMUSG00000025083",0.0681915545115186,0.625161743135644,174.86331082795,272.183793600335,163.236909863126,262.722313883464,125.561184053894,173.098095453151,110.334072246599,157.017757084667
"ENSMUSG00000025283",0.0715098404497444,-0.209591151053592,858.419889519029,838.750768222307,934.902301943358,728.557677155826,987.871080424022,929.129482947061,886.613080553025,1082.48665645787
"ENSMUSG00000025348",0.0610409792400009,0.381208548719885,438.293753114213,443.987748426078,306.687527621631,419.472601998809,301.900788129584,324.134668936783,363.51136302674,245.405236238287
"ENSMUSG00000025531",0.0933677585212933,-0.297718798263492,497.338507419755,547.263159473013,594.578077743871,366.486589114749,591.799404254017,615.177054919287,558.566240748406,699.820864357489
"ENSMUSG00000025630",0.086503700773388,-0.231370909929342,1924.63189515179,2026.90059064079,2023.14836769753,1986.97548315225,2214.86235695068,2007.59849922625,2325.8816479841,2798.24360473403
"ENSMUSG00000025927",0.169382026483664,0.856956418884264,98.7864158573486,77.2152605958396,30.6687527621631,152.334787041673,42.469224018229,44.9715640147893,46.3009053177691,64.4708671473467
"ENSMUSG00000025939",0.0974586099127156,-0.287492239837579,725.569192331561,905.348930486219,896.319032339347,781.543690039886,889.08397238162,870.58159772026,1059.01006843834,1219.74721231996
"ENSMUSG00000025956",0.0622720867779468,-0.369603840230953,163.508550384577,198.829296034287,155.322393021277,134.672782746986,215.115852092334,246.070821967715,168.456485305075,213.169802664614
"ENSMUSG00000025986",0.072994251962513,-0.198978147742431,2051.80521211757,2054.89112260678,2149.78063716711,2062.03900140467,2095.76388089956,2563.37914884299,2580.0440644093,2309.51283764931
"ENSMUSG00000026031",0.0588317509100882,0.274899387097149,272.514250640962,294.383181021638,265.136314201926,207.528550462569,228.041268097882,218.06965946794,200.965631592019,212.129949968689
"ENSMUSG00000026042",0.0822711294377728,-0.499569841400616,94.2445116799993,60.8070177192237,57.3802471034019,44.1550107367167,103.403328044384,89.0946079538278,98.5125645058916,71.7498360188213
"ENSMUSG00000026150",0.0542628084904313,-0.228285661750171,2802.35487742456,2677.43916116074,2605.85467017863,2350.15044646175,2937.76240926097,2842.54225376498,2908.09090421392,3536.53901884074
"ENSMUSG00000026247",0.0770340472288938,0.29971661728844,526.860884572526,465.221945089933,507.518392483537,521.029126693257,372.067332159702,396.258875375596,340.853473190385,532.404580313573
"ENSMUSG00000026278",0.0824866203847992,-0.2184260958084,948.122497021679,820.412143830795,1155.51945890989,905.177720102693,1119.89497248069,1066.58973521868,1090.53408908022,1178.15310448296
"ENSMUSG00000026308",0.119508429764782,-0.873931507012346,19.3030927537348,30.8861042383358,12.8610898680039,7.72712687892543,49.8551760213992,20.3644818180178,33.4942719320032,25.9963173981237
"ENSMUSG00000026360",0.0735701390135117,-0.224575336010323,1182.03056215517,1241.23531407812,1166.40191956743,1012.25362113923,1301.77404055876,1150.593222718,1449.11982388167,1475.5509755175
"ENSMUSG00000026452",0.142276805748308,0.414002526463184,1326.23601978601,1616.69451872539,1077.36360509663,2048.79249818366,919.551024394697,1316.0546374894,1149.64162778376,1169.83428291556
"ENSMUSG00000026458",0.0970551253064409,0.209087456861777,2251.64899592095,2077.09051002808,2106.25079453694,2736.50679040802,2034.82977687341,2043.23634240778,1979.11742092336,1876.93411614453
"ENSMUSG00000026484",0.0607791952637019,-0.279956052494489,405.364947828431,404.41492737071,459.041976827215,357.655586967405,490.242564210426,435.29079886013,466.949555757926,582.31750971797
"ENSMUSG00000026494",0.113854372910867,0.411932033749129,319.068768458793,377.389586162166,208.745381703755,385.252468677853,224.348292096297,229.1004204527,286.671562712145,229.807445799413
"ENSMUSG00000026683",0.144675593154324,-0.640514961134033,27.2514250640962,27.9905319659918,45.5084718406291,40.843384931463,39.6994920170401,48.3656443177922,45.3157796727102,87.3476264576955
"ENSMUSG00000026805",0.0676055523111793,1.73927783477361,60.180230349879,50.1899193872957,4.94657302615533,68.4402666419109,10.1556840043591,20.3644818180178,7.88100516047133,16.6376431347991
"ENSMUSG00000026966",0.0952280763083215,-0.237999722043681,615.428016030839,626.408801583749,740.007324712838,643.559281487646,816.147696350314,687.3012613581,902.375090873967,690.462190094164
"ENSMUSG00000027011",0.0702742227851311,-0.27323143733202,1109.36009531758,1150.50738287801,1309.85253732593,1086.21326412323,1489.1925726392,1196.41330680854,1302.33610276789,1638.80784877772
"ENSMUSG00000027188",0.0652351522475122,-0.273910453510917,506.422315774454,367.737678587686,544.123032877087,487.91286864072,523.479348224692,621.116695449542,604.867146066175,555.281339623921
"ENSMUSG00000027274",0.0887237156699786,-0.369890269455728,135.121649276144,233.576163302415,185.00183117821,147.919285968001,261.278052112148,207.887418558932,210.816888042608,226.687887711638
"ENSMUSG00000027342",0.114285714285714,-0.253522398529011,684.692054735416,558.845448562389,551.048235113704,543.106632061616,646.270800277398,692.392381812605,624.569658967353,823.563335172558
"ENSMUSG00000027447",0.0954751625287432,-0.195219641634623,15647.9953670129,14224.9813832685,16470.1095478868,17251.3626948352,17291.436883422,17075.6180044079,17336.2411017468,21105.8901691886
"ENSMUSG00000027570",0.0695216603270639,0.268553169895549,527.996360616863,447.84851145587,444.202257748749,426.095853609316,423.768996181894,414.077796966362,391.09488108839,303.636987210084
"ENSMUSG00000027715",0.0634045526919601,0.93570450985722,79.4833231036138,55.9810639319837,38.5832696040116,41.9472601998809,41.5459800178327,25.4556022725222,34.4793975770621,11.4383796551744
"ENSMUSG00000027835",0.0729965402058541,-0.401935053891029,559.789689858309,614.826512494373,528.29399919339,383.044718141018,610.264284261943,595.66109317702,696.483831056654,853.719063354381
"ENSMUSG00000027843",0.105251561350445,1.41311991706244,26.1159490197588,13.5126706042719,35.6153257883184,64.0247655682392,11.0789280047554,20.3644818180178,17.7322616110605,3.11955808777484
"ENSMUSG00000027961",0.0731927869893523,-0.958687340796606,4.54190417734936,23.1645781787519,14.839719078466,19.8697548315225,32.3135400138699,18.6674416665163,44.3306540276512,25.9963173981237
"ENSMUSG00000028016",0.0936636160525599,-0.408304522084172,152.153789941204,196.898914519391,148.39719078466,134.672782746986,156.028236066972,192.614057195418,234.459903524022,255.803763197537
"ENSMUSG00000028212",0.0897866693103116,-0.436517191750712,136.257125320481,122.579226195895,158.290336836971,112.595277378628,174.493116074897,122.186890908107,203.921008527196,216.289360752389
"ENSMUSG00000028252",0.0931821252445112,-0.31580301315957,450.783989601924,454.604846758006,419.469392617972,328.95482998854,514.246908220729,411.532236739109,518.17608930099,614.552943291643
"ENSMUSG00000028268",0.187098011568101,-0.733645856602666,45.4190417734936,68.5285437788076,46.4977864458601,40.843384931463,127.407672054687,61.9419655298041,41.3752770924745,103.985269592495
"ENSMUSG00000028358",0.0615475479319406,0.462626803222998,175.998786872288,217.167920425799,152.354449205584,213.047926804658,121.868208052309,160.37029431689,169.441610950134,98.7860061128699
"ENSMUSG00000028369",0.164482841944939,0.744288490507737,64.7221345272284,38.6076302979198,36.6046403935495,90.5177720102693,35.0832720150587,29.6982026512759,37.4347745122388,35.3549916614482
"ENSMUSG00000028583",0.0950879161686063,-0.32404430522497,149.882837852529,182.421053157671,184.012516572978,165.581290262688,199.420704085597,204.493338255929,178.307741755664,271.401553636411
"ENSMUSG00000028642",0.105123037812582,-0.789940603064621,11.3547604433734,20.2690059064079,19.7862921046213,20.9736300999404,24.0043440103033,30.5467227270267,20.6876385462372,49.9129294043974
"ENSMUSG00000028655",0.0566925827510824,0.325588139402935,262.294966241926,299.209134808878,325.484505121021,277.072692372897,232.657488099863,194.31109734692,211.802013687667,290.11890216306
"ENSMUSG00000028675",0.0686700954052198,-0.341819220377697,587.041114922405,643.782235217813,606.449853006644,447.069483709257,673.968120289286,645.723777646314,692.543328476418,882.83493884028
"ENSMUSG00000028719",0.0722115853522199,-0.249836545235384,1138.88247247035,1169.81119802697,1396.91222258627,1143.61477808096,1359.93841258372,1284.65939468662,1444.19419565637,1677.28239852694
"ENSMUSG00000028736",0.18640043553891,1.10160230137028,14.7611885763854,29.9209134808878,6.92520223661747,37.5317591262092,7.38595200317026,6.78816060600593,12.8066333857659,14.5579377429492
"ENSMUSG00000028794",0.0519566309895393,-1.14020883196834,5.6773802216867,15.4430521191679,2.9679438156932,5.51937634208959,12.0021720051517,22.0615219695193,18.7173872561194,12.4782323510994
"ENSMUSG00000028906",0.108249510264979,0.285550001137204,1046.90891287903,1072.32693152472,818.163178526092,1238.5480511649,824.45689235388,978.343647340604,878.732075392553,744.534530282262
"ENSMUSG00000029026",0.0822934973062605,0.515112489165563,48.8254699065056,55.0158731745357,79.1451684184854,78.3751440576722,46.1622000198141,35.6378431815311,52.2116591881226,48.8730767084725
"ENSMUSG00000029123",0.0794784182623599,0.552027497051922,63.5866584828911,92.6583127150075,67.2733931557126,55.1937634208959,36.9297600158513,36.4863632572819,52.2116591881226,64.4708671473467
"ENSMUSG00000029186",0.0817303267972022,-0.707616897316865,40.8771375961443,30.8861042383358,30.6687527621631,26.49300644203,68.3200560293249,55.1538049237981,61.0777899936528,25.9963173981237
"ENSMUSG00000029198",0.0773929546360907,-0.248244366947911,642.679441094935,624.478420068853,744.953897738993,734.077053497915,764.446032328122,731.424305297139,799.92202378784,966.023154514275
"ENSMUSG00000029361",0.0697941448227081,0.256175796466035,1155.91461313541,1262.46951074198,932.923672732896,1262.8333070701,953.71105240936,1064.04417499143,899.419713938791,946.265953291701
"ENSMUSG00000029465",0.0571428571428571,-0.226223944019296,1708.8914467277,1744.09969870853,2100.31490690555,1876.58795631046,2116.99849290868,2046.63042271079,2113.09450865138,2414.53795993773
"ENSMUSG00000029478",0.0772035032581561,0.251977544544492,3759.56118280093,4261.3171941329,3059.95007397969,3741.03328466832,3151.95501735291,3292.25789391287,3269.63201595054,2732.73288489076
"ENSMUSG00000029510",0.153200883559203,0.788992929040099,35.1997573744576,55.9810639319837,29.679438156932,14.3503784894329,23.0811000099071,18.6674416665163,16.7471359660016,19.757201222574
"ENSMUSG00000029546",0.140723830731214,1.49043483909837,62.4511824385537,35.7120580255758,16.8183482889281,118.114653720717,19.3881240083219,16.1218814392641,25.6132667715318,21.8369066144239
"ENSMUSG00000029595",0.115696645972018,0.936628607311286,57.9092782612044,59.8418269617757,14.839719078466,78.3751440576722,33.2367840142662,24.6070821967715,30.5388949968264,21.8369066144239
"ENSMUSG00000029776",0.0566591759082348,-0.228082733890817,876.587506228427,787.595658077564,828.056324578403,905.177720102693,983.254860422041,950.34248484083,892.523834423378,1153.19663978077
"ENSMUSG00000029822",0.0512997631198938,0.262260290217103,571.144450301682,603.244223404997,644.043808005425,723.038300813736,553.023156237373,583.78181211651,531.967848331815,450.256217335502
"ENSMUSG00000029859",0.0829540658284411,1.13402036416362,12.4902364877107,20.2690059064079,21.7649213150835,33.1162580525375,20.3113680087182,4.2426003787537,3.94050258023567,11.4383796551744
"ENSMUSG00000030110",0.0850399678235584,0.661712648113526,224.824256778793,354.225007983414,155.322393021277,261.618438615047,126.484428054291,147.642493180629,152.694474984132,202.771275705365
"ENSMUSG00000030111",0.133875255832517,0.551059511437544,94.2445116799993,76.2500698383916,74.19859539233,147.919285968001,71.0897880305137,57.6993651510504,59.107538703535,80.0686575862209
"ENSMUSG00000030218",0.125896490050404,-0.379297290205458,157.83117016289,119.683653923551,172.140741310206,183.243294557374,213.269364091541,178.189215907656,164.515982724839,267.242142852711
"ENSMUSG00000030413",0.0744906111637611,-0.531770362767987,55.6383261725297,63.7025899915676,53.4229886824776,82.7906451313439,96.9406200416096,72.9727265145637,76.8398003145955,122.702618119144
"ENSMUSG00000030549",0.0674216601161473,-0.712701463878764,21.5740448424095,30.8861042383358,17.8076628941592,22.0775053683584,51.7016640221918,22.91004204527,41.3752770924745,35.3549916614482
"ENSMUSG00000030560",0.0567833144850366,-0.407133854020912,84.0252272809632,89.7627404426635,96.9528313126446,81.6867698629259,101.556840043591,95.034248484083,124.125831277423,146.619230125417
"ENSMUSG00000030583",0.0571428571428571,0.335505980661192,1298.98459472192,1241.23531407812,973.48557154737,1294.84568985422,949.094832407378,982.586247719358,952.616498771972,926.508752069127
"ENSMUSG00000030647",0.0772233098980345,-0.230609863960578,1725.92358739276,1463.22918829116,1714.48221086544,1652.50127682162,1909.26859281951,1672.43306930471,1866.81309738665,2244.00211780603
"ENSMUSG00000030739",0.0736360028477126,0.305725893626127,1364.84220529348,1410.14369663152,1327.66020022009,1845.67944879476,1215.9123485219,1143.805062112,1110.2366019814,1342.44983043911
"ENSMUSG00000030792",0.104561814252943,-0.290326885984097,287.275439217347,292.452799506742,370.003662356419,378.629217067346,396.994920170401,379.288473860581,492.562822529458,355.629622006332
"ENSMUSG00000031024",0.0561351141750569,0.424582155872433,286.13996317301,447.84851145587,303.719583805938,334.474206330629,272.356980116903,262.192703406979,241.355783039435,246.445088934212
"ENSMUSG00000031198",0.14263134670228,-0.277516439058041,629.053728562887,604.209414162445,747.921841554687,699.85692017696,777.37144833367,648.269337873566,801.892275077958,1022.17520009422
"ENSMUSG00000031442",0.0731636660503478,0.238987945763917,2981.76009242986,3179.33835503369,2640.48068136172,2664.75489796085,2607.2410571191,2676.23231891784,2442.12647410105,1990.27806000035
"ENSMUSG00000031543",0.153602758252216,0.356428192327343,1599.88574647131,1611.86856493815,1223.78216667083,2223.20479059369,1183.59880850803,1547.70061816935,1213.67479471259,1256.14205667734
"ENSMUSG00000031546",0.0571798309925909,-0.265190573425718,253.211157887227,280.870510417366,340.324224199487,312.396700962271,336.060816144247,320.74058863378,374.347745122388,395.14402445148
"ENSMUSG00000031786",0.0678023982222619,0.587472525042344,94.2445116799993,98.4494572596955,117.728438022497,118.114653720717,55.3946400237769,77.2153268933174,42.3604027375334,110.224385768044
"ENSMUSG00000031822",0.0925921460918136,0.388131473104703,610.886111853489,776.013368988188,551.048235113704,549.729883672123,454.236048194971,595.66109317702,498.473576399812,352.510063918557
"ENSMUSG00000032002",0.2,-0.257164543209073,625.647300429875,637.991090673125,599.524650770026,479.081866493376,715.514100307119,569.356970828747,779.234385241603,735.175856018937
"ENSMUSG00000032194",0.146076641783603,0.407735238558298,282.733535039998,264.462267540751,253.264538939153,437.134606293496,246.506148105807,268.980864012985,216.727641912962,200.691570313515
"ENSMUSG00000032232",0.059963770561119,0.382999791158692,390.603759252045,390.902256766438,286.901235517009,412.849350388301,347.139744149002,291.042385982504,231.504526588845,266.202290156786
"ENSMUSG00000032397",0.0892977723799311,-0.327311142701677,236.179017222167,166.012810281055,257.221797360077,181.035544020539,270.510492116111,253.707502649471,263.028547230731,267.242142852711
"ENSMUSG00000032469",0.0534835851509905,-0.343670665733569,204.385687980721,205.585631336423,204.788123282831,167.789040799524,230.811000099071,273.223464391739,200.965631592019,288.03919677121
"ENSMUSG00000032484",0.143027820989198,-1.99613248238228,9.08380835469872,22.1993874213039,38.5832696040116,20.9736300999404,204.036924087578,74.6697666660652,66.0034182189474,17.6774958307241
"ENSMUSG00000032487",0.0586842096753707,-0.465556903300604,140.79902949783,159.256474978919,146.418561574198,120.322404257553,153.258504065783,173.946615528902,224.608647073433,230.847298495338
"ENSMUSG00000032496",0.0997040809311962,-1.85799904430565,17.0321406650601,4.82595378723997,17.8076628941592,24.2852559051942,112.635768048346,65.336045832807,41.3752770924745,12.4782323510994
"ENSMUSG00000032511",0.0649007421023321,0.525346662780843,235.04354117783,178.560290127879,218.638527756066,134.672782746986,169.876896072916,129.823571589863,108.363820956481,124.782323510994
"ENSMUSG00000032702",0.0694771183281175,0.526056972481122,583.634686789393,539.541633413429,373.960920777343,391.875720288361,329.598108141473,331.77134961854,308.344326903441,342.111536959307
"ENSMUSG00000032741",0.0572585951299167,0.201305042630922,941.309640755655,972.912283507579,882.468627866112,1068.55125982854,889.08397238162,917.250201886551,788.100516047133,767.41128959261
"ENSMUSG00000032754",0.0552551884538754,-0.29088480203329,163.508550384577,149.604567404439,154.333078416046,173.308417141613,179.109336076879,209.584458710433,223.623521428374,171.575694827616
"ENSMUSG00000033075",0.136498305080156,0.367830367055715,260.024014153251,344.573100408934,281.954662490854,369.798214920003,323.135400138699,264.738263634231,206.876385462372,178.854663699091
"ENSMUSG00000033186",0.122017944582554,-0.275536335722599,1167.26937357879,1253.78279392495,1256.42954864346,861.022709365976,1338.70380057461,1177.74586514203,1346.66675679554,1630.48902721032
"ENSMUSG00000033355",0.0893742127007007,-0.769916983736026,23.8449969310842,41.5032025702638,39.5725842092427,20.9736300999404,75.7060080324951,32.2437628785282,44.3306540276512,62.3911617554968
"ENSMUSG00000033450",0.145101429442811,-0.923645337558998,22.7095208867468,9.65190757447995,22.7542359203145,11.0387526841792,23.0811000099071,35.6378431815311,14.7768846758837,51.9926347962473
"ENSMUSG00000033595",0.0678882427227857,0.197840556912949,2609.32394988721,2420.69841967957,2514.83772649737,2871.179573155,1992.36055285518,2483.61826172242,2175.15742429009,2430.1357503766
"ENSMUSG00000033597",0.2,0.200795615353626,4221.69993284623,4148.38987551148,3391.3704667321,4308.42517263513,3616.34674955224,3710.57829125799,3576.00609156387,3079.00383263377
"ENSMUSG00000033763",0.0623955418962897,0.161561102600213,5038.10720872478,4393.54832790327,4416.30039775148,5020.42472076469,4085.35470175355,4297.7541836775,4079.40529618897,4406.89572532992
"ENSMUSG00000033768",0.0805579303247978,0.152221680656051,9555.03091309872,8669.34338339789,8949.33991892023,10319.0260091707,8426.44799161687,8418.1676715231,8605.07250958964,8288.66583921775
"ENSMUSG00000033953",0.110929869654377,-0.207195661626603,11619.326361704,11173.048208218,13695.0820802137,11545.431432383,12764.771549479,12676.8899317161,13843.970690013,16165.5500108492
"ENSMUSG00000034063",0.0583559774482977,0.909984132315313,40.8771375961443,23.1645781787519,42.5405280249359,28.7007569788659,22.1578560095108,29.6982026512759,11.821507740707,8.31882156739957
"ENSMUSG00000034243",0.0536433748434749,0.1701034457622,2391.31254937444,2667.78725358626,2251.68004150591,2664.75489796085,2256.40833696851,2331.73316816304,2190.91943461103,2086.98436072137
"ENSMUSG00000034282",0.0555902278759179,0.307474763490325,319.068768458793,262.531886025855,260.189741175771,293.630821399166,224.348292096297,279.163104921994,222.638395783315,191.33289605019
"ENSMUSG00000034320",0.0510778506014039,-0.338104364530672,158.966646207228,153.465330434231,152.354449205584,121.426279525971,187.418532080445,201.099257952926,205.891259817314,146.619230125417
"ENSMUSG00000034342",0.0659511569981433,0.221909904467917,906.109883381198,1136.02952151629,983.37871759968,926.151350202633,892.776948383205,914.704641659299,819.624536689019,761.172173417061
"ENSMUSG00000034472",0.0586700928599777,0.181340678444911,2754.66488356239,2977.61348672706,2559.35688373277,3083.12362469124,2403.20413303152,2520.95314505545,2558.37130021801,2548.67895771204
"ENSMUSG00000034518",0.2,0.32378262420801,379.248998808672,383.180730706854,407.5976173552,285.903694520241,299.131056128395,314.800948103525,331.987342384855,217.329213448314
"ENSMUSG00000034579",0.142555071162284,0.493098034809088,149.882837852529,172.769145583191,124.653640259114,79.4790193260901,117.251988050328,74.6697666660652,105.408444021304,76.949099498446
"ENSMUSG00000034714",0.087679229882052,0.232107013934251,757.362521573006,791.456421107356,833.992212209789,1007.83812006556,643.501068276209,745.00062650915,732.933479923834,765.331584200761
"ENSMUSG00000034739",0.0661617781164957,0.763359772284873,74.9414189262645,83.9715958979755,113.771179601573,55.1937634208959,45.2389560194178,61.9419655298041,24.6281411264729,61.3513090595718
"ENSMUSG00000034917",0.2,0.99642910096875,37.4707094631322,38.6076302979198,39.5725842092427,17.6620042946867,22.1578560095108,18.6674416665163,18.7173872561194,7.27896887147462
"ENSMUSG00000035164",0.0576146984849236,0.348791252136785,163.508550384577,222.959064970487,183.023201967747,158.95803865218,145.872552062613,163.764374619893,125.110956922482,137.260555862093
"ENSMUSG00000035394",0.0551078776648393,1.13790018899124,18.1676167093974,27.0253412085439,10.8824606575417,30.9085075157017,12.925416005548,13.5763212120119,8.86613080553025,4.15941078369979
"ENSMUSG00000035642",0.107803227931074,-0.281103325586085,297.494723616383,301.139516323774,299.762325385013,374.213715993674,318.519180136717,364.015112497068,397.990760603802,465.854007774376
"ENSMUSG00000035759",0.0938276710360563,-0.647921213222592,42.0126136404816,20.2690059064079,73.209280787099,45.2588860051346,52.6249080225881,76.3668068175667,68.9587951541241,85.2679210658456
"ENSMUSG00000036198",0.0759254344934556,0.407709325105424,153.289265985541,155.395711949127,153.343763810815,135.776658015404,103.403328044384,125.58097121111,71.9141720893009,149.738788213192
"ENSMUSG00000036309",0.156186193405006,-0.265958701215643,5689.87045817441,5913.72377088386,6815.38831543682,5180.48663468529,6745.22066689524,6140.73978820811,6473.26061368214,9017.60257906113
"ENSMUSG00000036353",0.149101390238983,-0.463883615922176,362.216858143612,256.740741481167,321.527246700097,208.632425730987,324.058644139095,362.318072345566,334.942719320032,563.600161191321
"ENSMUSG00000036510",0.0559103187194092,-0.239307128280792,520.048028306502,468.117517362277,612.38574063803,437.134606293496,601.03184425798,616.025574995038,585.164633164996,603.114563636469
"ENSMUSG00000036698",0.112430129072318,0.251914102489763,1411.39672311131,1943.89418550026,1480.01464942568,1580.74938437446,1171.59663650288,1449.27228938227,1475.71821629826,1291.49704833878
"ENSMUSG00000036781",0.0646737875706968,-0.328797014473636,149.882837852529,127.405179983135,124.653640259114,140.192159089076,165.260676070935,145.945453029127,158.605228854486,211.090097272764
"ENSMUSG00000036975",0.114285714285714,-0.386868057850551,128.308793010119,176.629908612983,128.610898680039,134.672782746986,178.186092076482,171.40105530165,162.545731434721,230.847298495338
"ENSMUSG00000037071",0.0649263044036553,0.315777158813505,4213.75160053587,4648.35868786954,4499.40282459089,3671.489142758,2918.37428525265,3456.02226853277,3049.94899710241,4260.27649520451
"ENSMUSG00000037196",0.104551526838941,-0.305745802744792,241.856397443854,199.794486791735,231.49961762407,199.801423583643,252.968856108581,302.073146967264,207.861511107431,316.115219561184
"ENSMUSG00000037206",0.0779682808906577,-0.335312145722786,298.630199660721,347.468672681278,285.911920911778,313.500576230689,418.229532179516,319.043548482279,352.674980931092,481.45179821325
"ENSMUSG00000037236",0.18852146735321,-0.262931443623907,4355.68610607804,4780.58982163992,5359.11721653669,3932.00370610462,5270.79999826238,4519.21792344845,5258.6006933245,7062.67951072224
"ENSMUSG00000037362",0.098757566676678,-0.295042038584812,1544.24742029878,1091.63074667368,1692.71728955036,1216.47054579655,1655.37649271053,1885.41160831815,1506.25711129508,1756.31120341723
"ENSMUSG00000037406",0.0637127055053941,-1.1386594996312,10.2192843990361,10.6170983319279,11.8717752627728,11.0387526841792,18.4648800079256,12.7278011362611,25.6132667715318,39.514402445148
"ENSMUSG00000037973",0.0669028610202035,0.988703714805081,18.1676167093974,21.2341966638559,18.7969774993903,38.6356343946271,13.8486600059442,17.8189215907656,9.85125645058917,7.27896887147462
"ENSMUSG00000037989",0.0504472604005387,0.217525845999057,2847.77391919805,2741.1417511523,2513.84841189214,3064.35774512814,2503.83772907472,2592.22883141851,2427.34958942517,2080.74524454582
"ENSMUSG00000038025",0.0521803836193707,0.26469123101313,1015.11558363758,1067.50097773748,907.201492996888,1080.69388778114,853.077456366165,1010.58741021913,765.442626210778,759.092468025211
"ENSMUSG00000038112",0.156898079867871,0.417754903758228,429.209944759515,369.668060102582,319.548617489635,315.708326767525,187.418532080445,258.798623103976,218.697893203079,408.662109498504
"ENSMUSG00000038160",0.0551800654199331,-0.294447344055462,334.965433079515,321.408522230182,315.59135906871,345.512959014808,384.99274816525,342.802110603299,431.485032535805,456.495333511052
"ENSMUSG00000038241",0.0576568945031611,0.228936337251899,1040.096056613,1031.78891971191,896.319032339347,1135.88765120204,850.307724364976,927.43244279556,953.601624417031,770.530847680385
"ENSMUSG00000038646",0.0610079349606193,-0.190745734419323,1367.11315738216,1447.78613617199,1414.71988548043,1263.93718233852,1453.18605662375,1490.84977309405,1542.70676016226,1783.34737351128
"ENSMUSG00000038690",0.0661309724529036,-0.219899622602338,1495.42195039228,1353.19744194209,1645.23018849926,1836.84844664742,1815.09770477909,1710.61647271349,1892.42636415818,1954.9230683389
"ENSMUSG00000038708",0.0533629523297881,0.183860546024503,2518.48586634022,2333.83125150925,1993.4689295406,2244.17842069363,2033.90653287301,2069.54046475606,1957.44465673207,1941.40498329187
"ENSMUSG00000038717",0.0762919396650793,-0.239405672563593,1452.27386070746,1308.79866709948,1622.47595257895,1632.6315219901,1709.84788873391,1563.82249960862,1783.07741755664,2045.39025288437
"ENSMUSG00000038872",0.0756449830846251,0.320253630697867,498.473983464092,535.680870383637,374.950235382574,572.9112643089,375.760308161287,390.319234845341,376.317996412506,445.056953855877
"ENSMUSG00000038886",0.0571428571428571,0.259591245057534,3501.80812073636,3674.48121360452,3157.89221989757,3649.41163738964,3017.16139329505,3183.64732421678,3069.65151000358,2410.37854915403
"ENSMUSG00000038894",0.0802462434218658,0.290730301323421,996.947966928185,1034.68449198425,1024.92993101939,1121.5372727126,697.049220299193,1030.1033719614,923.062729420205,765.331584200761
"ENSMUSG00000038900",0.0665784831682429,-0.227201059971224,4059.32685850599,3563.484276498,4378.7064427527,4203.55702213543,4498.04476993069,4394.48547231309,4579.8491238789,5496.66135065927
"ENSMUSG00000039081",0.0539902888611629,0.343364965116012,214.604972379757,196.898914519391,192.916348020058,247.268060125614,141.256332060631,186.674416665163,145.79859546872,197.57201222574
"ENSMUSG00000039262",0.0845896441472867,0.183144368253496,7559.99950319801,8208.9473920952,6784.71956267466,7773.48964019898,6424.85499875773,7475.46186736403,6845.63810751441,5965.63491652142
"ENSMUSG00000039477",0.058854832321595,0.257898504238074,2225.53304690119,2241.17293879424,1826.27476125655,2006.84523798377,1812.3279727779,1913.41277081792,1792.92867400723,1422.51848802533
"ENSMUSG00000039717",0.113500577738518,-0.22127860475395,1353.48744485011,1235.44416953343,1327.66020022009,1176.7310361335,1495.65528064198,1334.72207915592,1325.9791182493,1781.26766811943
"ENSMUSG00000039913",0.0655031106540167,-0.246181378421671,744.872285085295,668.87719491146,820.141807736554,943.81335449732,901.086144386772,896.037199992782,1024.53067086127,947.305805987626
"ENSMUSG00000039943",0.0737386194815056,0.215172427868634,1147.96628082505,1247.99164938026,1080.33154891233,1364.38983176455,971.252688416889,1027.55781173415,993.006650219388,1178.15310448296
"ENSMUSG00000040035",0.0547268940463495,0.174046075666487,6154.28016030839,5925.30605997324,5235.45289088281,5488.46783457389,4697.46547401628,5498.4100908648,4862.58018401081,5153.50996100403
"ENSMUSG00000040146",0.0861466362803338,0.489573344154448,121.495936744095,131.265943012927,101.8994043388,158.95803865218,87.7081800376468,120.489850756605,101.467941441068,56.1520455799471
"ENSMUSG00000040249",0.118967996131088,0.224128156117648,9631.10780806932,9383.5845439094,7525.71620199273,9706.37523519875,7328.71087514569,8979.03944159434,8062.26827916217,6661.29637009521
"ENSMUSG00000040365",0.0654672743569092,0.207036783614662,1365.97768133782,1252.8176031675,1203.00655996098,1277.18368555953,1195.60098051319,1216.77778862656,1083.63820956481,921.309488589503
"ENSMUSG00000040524",0.101777815020599,0.330134507005071,856.148937430355,962.295185175651,720.221032608217,806.932821213498,747.827640320989,750.091746963655,715.201218312773,448.176511943652
"ENSMUSG00000040699",0.070865952811737,-0.19925883274424,1118.44390367228,979.668618809715,1136.7224814105,1160.17290710723,1385.78924459482,1093.7423776427,1253.07982051494,1313.33395495321
"ENSMUSG00000040701",0.102398567878001,0.451203297110978,245.262825576866,231.645781787519,226.553044597914,153.438662310091,209.576388089956,166.309934847145,144.813469823661,106.064974984345
"ENSMUSG00000040711",0.091758689005786,0.272155635692533,473.493510488671,433.37065009415,352.19599946226,405.122223509376,312.97971613434,375.894393557578,397.005634958743,292.19860755491
"ENSMUSG00000040747",0.067459644808714,-0.464031881933146,61.3157063942164,83.9715958979755,55.4016178929397,58.5053892261497,78.475740033684,70.4271662873115,100.482815796009,108.144680376194
"ENSMUSG00000040852",0.068953709759481,0.452355682509424,178.269738960962,251.914787693927,200.830864861907,157.854163383762,164.337432070538,161.218814392641,142.843218533543,108.144680376194
"ENSMUSG00000041528",0.0710992212357517,0.196456218820036,1182.03056215517,1176.56753332911,1068.45977364955,1394.19446401183,1022.03110843868,1092.0453374912,1063.93569666363,1029.4541689657
"ENSMUSG00000041684",0.0950110242512472,-0.320033940902569,316.797816370118,374.494013889822,281.954662490854,208.632425730987,379.453284162872,341.953590527549,353.660106576151,400.343287931104
"ENSMUSG00000041852",0.0521041817529467,0.185299568332449,1520.4024233677,1703.56168689571,1456.27109890013,1474.77735860634,1310.08323656232,1488.3042128668,1244.21368970941,1370.52585322908
"ENSMUSG00000042286",0.06772114987324,0.296744674721187,373.571618586985,267.357839813095,399.683100513351,366.486589114749,292.668348125621,275.769024618991,281.74593448685,295.318165642685
"ENSMUSG00000042507",0.0859025966986995,0.268293470296226,428.074468715177,490.316904783581,445.19157235398,362.071088041077,338.830548145436,429.351158329875,333.957593674973,330.673157304133
"ENSMUSG00000042671",0.11505164605423,0.523568781289227,2232.34590316721,2223.79950516018,1864.85803086056,3721.1635298368,1721.85006073907,1860.80452612137,1652.0557067638,1751.11193993761
"ENSMUSG00000042770",0.0587261825020344,-0.235141685032146,520.048028306502,438.19660388139,490.700044194609,536.483380451108,523.479348224692,603.297773858777,547.729858652758,662.386167304191
"ENSMUSG00000043065",0.0798679813512807,-0.371847125955044,202.114735892047,242.262880119447,179.065943546823,145.711535431165,264.971028113733,276.617544694741,256.132667715318,197.57201222574
"ENSMUSG00000043085",0.0562515660794833,-0.921266020240528,14.7611885763854,17.3734336340639,16.8183482889281,16.5581290262688,36.9297600158513,18.6674416665163,40.3901514474156,28.0760227899736
"ENSMUSG00000043323",0.0878797268999424,0.261175908563119,1527.21527963372,1399.52659829959,1146.61562746281,1355.5588296172,1149.43878049337,1304.17535642889,1146.68625084858,929.628310156902
"ENSMUSG00000044165",0.2,1.38896209799178,17.0321406650601,18.3386243915119,12.8610898680039,83.8945203997618,5.53946400237769,24.6070821967715,8.86613080553025,11.4383796551744
"ENSMUSG00000044244",0.485714285714286,1.2969129074107,32.9288052857829,16.4082428766159,19.7862921046213,129.153406404896,22.1578560095108,28.0011624997744,11.821507740707,18.717348526649
"ENSMUSG00000044408",0.125255165536183,-0.288228289154585,394.010187385057,427.579505549462,393.747212881965,355.44783643057,516.093396221522,437.836359087382,388.139504153213,576.07839354242
"ENSMUSG00000044499",0.0701047496861504,-0.429580641790001,120.360460699758,141.883041344855,90.0276290760271,93.829397815523,157.874724067764,113.701690150599,156.634977564368,172.615547523541
"ENSMUSG00000044627",0.0594301078203485,-0.197244946774868,1787.23929378697,1785.60290127879,1998.41550256676,1922.95071758401,2092.07090489798,2096.69310718008,1953.50415415183,2449.89295159917
"ENSMUSG00000044674",0.0747568632165012,0.332256275339246,349.726621655901,340.712337379142,245.350022097305,367.590464383167,254.815344109374,261.344183331228,295.537693517675,223.568329623863
"ENSMUSG00000045039",0.072191062381605,0.208005586975866,5274.28622594695,5068.21666735942,4595.36634129831,6097.80698274058,4488.81232992672,4731.34794238613,4632.06078306703,4359.06250131738
"ENSMUSG00000045071",0.0716661363783242,0.356822429115854,216.875924468432,274.114175115231,176.09799973113,242.852559051942,173.569872074501,152.733613635133,196.040003366724,188.213337962415
"ENSMUSG00000045179",0.14156414756527,0.603815342318185,74.9414189262645,50.1899193872957,38.5832696040116,84.9983956681797,37.8530040162476,31.3952428027774,41.3752770924745,53.0324874921723
"ENSMUSG00000045211",0.0575315707324811,-0.242770637537221,792.562278947464,685.285437788076,888.404515497498,907.385470639529,957.404028410945,888.400519311026,953.601624417031,1074.16783489047
"ENSMUSG00000045246",0.252457545774407,0.543500133989599,222.553304690119,217.167920425799,190.937718809596,463.627612735526,146.795796063009,244.373781816213,152.694474984132,206.930686489064
"ENSMUSG00000045410",0.0530539868881554,-0.254072826390005,321.339720547467,325.269285259974,363.078460119802,334.474206330629,380.376528163268,347.893231057804,407.842017054391,466.893860470301
"ENSMUSG00000046480",0.12704322662882,0.234766304927467,3032.85651442504,3407.12337379142,2743.36940030575,2394.30545719846,2264.71753297208,2639.74595566055,2688.40788536578,2246.08182319788
"ENSMUSG00000046523",0.0683516944297337,-0.332864469031212,413.313280138792,420.823170247326,446.180886959211,298.046322472838,581.643720249658,439.533399238884,454.14292237216,512.647379090999
"ENSMUSG00000046574",0.102047183353803,0.215494718381537,2099.49520597974,2081.91646381532,1725.36467152298,2393.20158193005,1735.69872074501,1938.01985301469,1656.9813349891,1817.66251247681
"ENSMUSG00000046718",0.230859562858095,-0.642554894476172,84.0252272809632,83.9715958979755,80.1344830237164,58.5053892261497,206.806656088767,55.1538049237981,104.423318376245,112.304091159894
"ENSMUSG00000046743",0.114285714285714,0.310185665869957,249.804729754215,245.158452391791,243.371392886842,196.489797778389,204.960168087975,196.008137498421,197.025129011783,155.977904388742
"ENSMUSG00000046818",0.0626674858382597,-0.279368955017499,262.294966241926,192.072960732151,239.414134465918,229.606055830927,246.506148105807,272.374944315988,323.121211579325,278.680522507886
"ENSMUSG00000046844",0.0983686931283255,0.217369107256044,1697.53668628432,1580.01726994237,1322.71362719394,1460.42698011691,1134.66687648703,1383.08772347371,1236.33268454894,1458.9133323827
"ENSMUSG00000047146",0.16438968561005,0.42823056332547,214.604972379757,206.550822093871,120.69638183819,140.192159089076,152.335260065387,129.823571589863,129.051459502718,95.6664480250951
"ENSMUSG00000047632",0.16759674039675,-0.500548170723462,156.695694118553,165.047619523607,146.418561574198,107.075901036538,280.66617612047,137.46025227162,233.474777878963,162.217020564292
"ENSMUSG00000047786",0.108885005326336,-0.279702650350456,585.905638878068,592.627125073069,596.556706954333,392.979595556779,613.957260263528,582.084771965008,695.498705411595,740.375119498562
"ENSMUSG00000048038",0.147856165160477,0.419276708621247,266.836870419275,273.148984357783,164.226224468357,186.554920362628,168.030408072123,191.765537119667,195.054877721665,111.264238463969
"ENSMUSG00000048385",0.0670609786028552,0.201714328289118,3454.11812687419,3498.81649574898,3354.76582633855,4195.82989525651,2893.44669724195,3260.01413103435,3179.98558225018,3277.61569755543
"ENSMUSG00000048482",0.104635538299088,-0.270292451937104,508.693267863129,475.839043421861,541.155089061394,506.678748203824,532.711788228655,560.87177007124,589.105135745232,768.451142288535
"ENSMUSG00000048970",0.0885117355809143,-0.396914220411412,307.714008015419,277.009747387574,238.424819860687,209.736300999404,279.742932120074,323.286148861032,319.180708999089,437.777984984402
"ENSMUSG00000049775",0.0647670112630641,-0.284103989204649,6617.55438639802,6306.5564091652,8141.06988644645,8066.01658632973,8894.53269981778,7858.99294160336,8445.48215509009,10272.7047830425
"ENSMUSG00000049866",0.0784802699197013,0.198430265399275,1208.14651117493,1050.12754410342,1150.57288588373,1365.49370703296,962.943492413322,1092.89385756695,1023.54554521621,1081.44680376194
"ENSMUSG00000050010",0.142014760280911,-0.582122680600926,76.0768949706018,177.595099370431,125.642954864345,73.9596429840005,231.734244099467,123.883931059608,157.620103209427,165.336578652066
"ENSMUSG00000050737",0.135819021995173,-0.492399871616499,62.4511824385537,94.5886942299035,92.0062582864892,90.5177720102693,103.403328044384,94.1857284083322,105.408444021304,174.695252915391
"ENSMUSG00000050989",0.0595396789159517,0.291109941223858,449.648513557587,454.604846758006,428.373224065052,588.36551806675,410.843580176346,408.138156436106,370.407242542153,380.58608670853
"ENSMUSG00000051344",0.0683367113716146,0.266122649349582,736.923952774934,839.715958979755,629.204088926959,823.490950239767,589.952916253224,644.875257570563,711.260715732538,572.958835454646
"ENSMUSG00000051497",0.0502044331781665,0.319649530110633,399.687567606744,444.952939183526,539.176459850931,479.081866493376,383.146260164457,336.862470073044,335.92784496509,436.738132288478
"ENSMUSG00000051586",0.0848061686278044,0.256005758507476,2356.11279199998,2441.93261634343,2020.18042388184,2416.38296256682,1975.74216084804,2256.21488142122,1985.02817479372,1516.10523065857
"ENSMUSG00000051671",0.155131956636919,-0.457384976522486,257.753062064576,230.680591030071,164.226224468357,189.866546167882,228.964512098278,277.466064770492,234.459903524022,415.941078369979
"ENSMUSG00000052387",0.0790058830464308,0.20561590217437,1204.74008304192,1393.7354537549,1186.18821167205,1028.8117501655,1040.49598844661,1058.10453446117,1011.72403747551,1063.76930793122
"ENSMUSG00000052512",0.2,0.282903178485154,1583.98908185059,1482.53300344012,1176.29506561974,1437.24559948013,1308.23674856153,1209.98962802056,1254.06494616,896.353023887304
"ENSMUSG00000052713",0.0796725770092786,0.351679222272447,415.584232227467,442.057366911182,349.228055646567,298.046322472838,334.214328143454,281.708665149246,321.150960289207,242.285678150513
"ENSMUSG00000052962",0.104268873332149,-0.290190961333387,332.694480990841,434.335840851598,317.569988279172,336.681956867465,411.766824176742,361.469552269816,454.14292237216,510.567673699149
"ENSMUSG00000053024",0.0601573957435343,0.21881579050989,2864.80605986311,3133.97438943364,2749.30528793713,3351.3653149168,2467.83121305926,2917.21202043105,2665.74999552943,2345.90768200668
"ENSMUSG00000053253",0.0690418532124478,-0.185145199257779,1672.5562133089,1617.65970948284,1717.45015468113,1505.68586612204,1672.91812871806,1752.19395642528,1898.33711802853,2081.78509724174
"ENSMUSG00000053693",0.0832908221787241,0.195628881111842,1261.51388525879,1253.78279392495,1198.05998693482,1529.97112202723,1178.98258850605,1185.38254582378,1156.53750729917,1057.53019175567
"ENSMUSG00000055053",0.0718334376023248,0.297743944291459,2377.68683684239,2230.55584046232,2201.22499663912,3059.94224405447,1870.49234480287,2121.30018937685,2106.19862913596,1931.00645633263
"ENSMUSG00000055240",0.0805567089719407,-0.362869847813329,132.850697187469,147.674185889543,118.717752627728,96.0371483523589,177.262848076086,164.612894695644,173.382113530369,121.662765423219
"ENSMUSG00000055373",0.0819112641746504,-0.267257889705196,1346.67458858409,1383.11835542298,1300.94870587885,1274.9759350227,1368.24760858729,1540.06393748759,1517.09349339073,1960.12233181852
"ENSMUSG00000055485",0.06789749031072,0.469782585715637,389.468283207708,388.971875251542,311.634100647786,397.39509663045,287.128884123244,358.075471966813,272.87980368132,155.977904388742
"ENSMUSG00000055817",0.114285714285714,0.26986979078239,1136.61152038168,1141.82066606098,1156.50877351512,1297.05344039105,899.239656385979,1152.29026286951,928.973483290558,944.186247899851
"ENSMUSG00000056071",0.104052723163388,-1.70753853713192,20.4385687980721,20.2690059064079,29.679438156932,22.0775053683584,151.41201606499,78.0638469690682,42.3604027375334,30.1557281818234
"ENSMUSG00000056296",0.121160595992332,-0.284510020962563,1867.85809293493,2156.23615213882,1914.32376112211,1302.57281673314,2431.82469704381,1884.5630882424,2142.64827800314,2360.46561974963
"ENSMUSG00000056919",0.10235371423306,0.367288217784781,260.024014153251,308.861042383358,190.937718809596,270.44944076239,171.723384073709,235.888581058706,222.638395783315,168.456136739841
"ENSMUSG00000056987",0.0625951809783311,-1.22833728669483,10.2192843990361,10.6170983319279,3.95725842092427,6.62325161050751,14.7719040063405,11.8792810605104,15.7620103209427,31.1955808777484
"ENSMUSG00000057137",0.0879859957675417,0.965123000897075,37.4707094631322,33.7816765106798,17.8076628941592,25.3891311736121,6.46270800277398,20.3644818180178,26.5983924165907,5.19926347962473
"ENSMUSG00000057143",0.2,-0.521031947465975,80.6187991479512,50.1899193872957,48.4764156563223,47.4666365419705,98.7871080424022,72.9727265145637,79.7951772497722,73.8295414106712
"ENSMUSG00000057236",0.114285714285714,-0.207278703393824,2200.55257392577,2144.65386304944,2447.56433334166,2105.09013687297,2417.05279303747,2341.91540907204,2463.79923829235,3049.88795714787
"ENSMUSG00000058153",0.0629254406157662,0.170214343749394,3601.73001263804,3213.12003154437,3240.00533213174,3787.39604594188,2910.98833324948,3345.71465868517,3006.60346871981,3038.44957749269
"ENSMUSG00000058488",0.2,0.483757496137916,236.179017222167,244.193261634343,351.206684857029,209.736300999404,190.188264081634,140.005812498872,138.902715953307,275.560964420111
"ENSMUSG00000058748",0.0738498323451607,-0.464376630866221,77.2123710149392,112.927318621415,99.9207751283378,87.2061462050155,113.559012048743,97.5798087113352,158.605228854486,150.778640909117
"ENSMUSG00000059291",0.0857323509508623,-0.226952857172189,3730.03880564816,3161.96492139963,4026.51044329044,4510.43434675561,4534.05128594614,4144.17204996662,4497.09856969395,4882.10840736762
"ENSMUSG00000059495",0.0533227817412658,0.235921000333898,3110.06888543998,3396.50627545949,2676.09600715004,3127.27863542796,2574.00427310484,2910.42385982504,2656.8838647239,2311.59254304116
"ENSMUSG00000059518",0.105853991326452,-0.217849374521559,962.883685598065,931.409080937315,1229.71805430222,1203.22404257553,1281.46267255004,1159.07842347551,1278.69308728647,1313.33395495321
"ENSMUSG00000060206",0.0539435654694849,0.268684561107987,797.104183124813,934.304653209659,768.697448264539,682.194915882273,620.419968266302,684.755701130848,708.305338797361,628.071028338668
"ENSMUSG00000060424",0.0801094017081049,-0.248305155629922,532.538264794213,467.152326604829,551.048235113704,586.157767529915,555.792888238562,676.27050037334,578.268753649584,727.896887147463
"ENSMUSG00000060743",0.0832572374565379,-0.31048817545264,1632.8145517571,1709.3528314404,1726.35398612821,1475.88123387476,1884.34100480881,1736.92059506177,1939.71239512101,2554.91807388759
"ENSMUSG00000061859",0.0608808575984616,0.440765762496891,438.293753114213,556.915067047493,346.260111830873,556.353135282631,362.834892155739,347.044710982053,300.46332174297,387.865055580005
"ENSMUSG00000062014",0.0564912198360145,-0.15929687792277,2247.1070917436,2539.41688284567,2638.50205215126,2277.29467874617,2692.17950515556,2641.44299581206,2741.60467019896,2759.76905498481
"ENSMUSG00000062044",0.0892992421280989,0.222805893088475,7083.09956457633,6103.86635010112,5798.37290125928,7407.00305108423,6002.93249057663,5730.9045916205,5996.45980147362,4885.2279654554
"ENSMUSG00000062115",0.0502212703994313,0.224026930040016,1875.80642524529,1810.69786097244,1559.15981784416,1663.5400295058,1413.48656460671,1663.9478685472,1511.18273952038,1326.85204000023
"ENSMUSG00000062328",0.131345214920993,-0.222603855544829,3952.59211033828,3770.03509859187,4803.12240839683,4568.93973598176,4708.54440202104,4584.55396928125,4692.15344741562,5961.47550573772
"ENSMUSG00000062619",0.0689247019142119,-0.504748594142793,48.8254699065056,33.7816765106798,63.3161347347883,50.7782623472242,65.550324028136,73.8212465903144,86.6910567651847,53.0324874921723
"ENSMUSG00000062785",0.171132031705594,0.344905160296967,3150.94602303612,3129.1484356464,2571.22865899554,4679.32726282355,2555.53939309691,2895.99901853728,2740.61954455391,2461.33133125435
"ENSMUSG00000063415",0.0730635228747728,0.552966296679122,158.966646207228,189.177388459807,213.69195472991,295.838571936002,126.484428054291,149.33953333213,132.006836437895,176.774958307241
"ENSMUSG00000063810",0.0514332699342051,0.420634042839813,160.102122251565,183.386243915119,125.642954864345,199.801423583643,127.407672054687,105.216489393092,132.991962082954,134.140997774318
"ENSMUSG00000063856",0.0802651384814303,-0.292307833023408,341.77828934554,364.842106315342,408.586931960431,491.224494445974,478.240392205274,440.381919314634,478.771063498633,569.839277366871
"ENSMUSG00000066129",0.0646441415663177,0.259317771740918,2044.99235585155,2045.2392150323,1753.06548046945,2073.07775408885,1686.76678872401,1879.47196778789,1741.70214046416,1306.05498608173
"ENSMUSG00000066306",0.0721648264629384,0.209946635571777,2183.52043326071,2261.44194470065,1977.6398958569,2184.56915619906,2080.06873289282,2001.658858696,1815.58656384358,1544.18125344855
"ENSMUSG00000066440",0.0839137068937941,0.340653705443534,386.061855074696,485.490950996341,373.960920777343,390.771845019943,356.372184152965,382.682554163584,320.165834644148,232.927003887188
"ENSMUSG00000066687",0.061940120630891,0.392931016517028,443.9711333359,532.785298111293,464.977864458601,583.950016993079,338.830548145436,481.959403026421,425.574278665452,296.35801833861
"ENSMUSG00000066842",0.169337267354915,0.806631778496601,66.9930866159031,85.9019774128715,28.6901235517009,38.6356343946271,23.0811000099071,53.4567647722967,28.5686437067086,20.7970539184989
"ENSMUSG00000067571",0.23387553956042,-0.672663036170444,57.9092782612044,137.057087557615,90.0276290760271,49.6743870788063,226.194780097089,83.1549674235726,121.170454342247,102.94541689657
"ENSMUSG00000069089",0.066670141542078,0.293706903103241,256.617586020239,343.607909651486,284.922606306547,250.579685930867,214.192608091938,253.707502649471,242.340908684493,216.289360752389
"ENSMUSG00000069755",0.0712055522697405,0.717827268712221,37.4707094631322,57.9114454468797,26.7114943412388,46.3627612735526,22.1578560095108,21.2130018937685,22.6578898363551,36.3948443573731
"ENSMUSG00000070047",0.126918288268179,0.28507991182248,853.87798534168,1079.08326682686,736.050066291914,896.34671795535,875.235312375676,753.485827266658,680.721820735711,616.632648683493
"ENSMUSG00000070420",0.0744213716452576,0.326276142021153,250.940205798552,214.272348153455,184.012516572978,182.139419288956,156.028236066972,198.553697725673,155.649851919309,152.858346300967
"ENSMUSG00000071234",0.0607124522388114,0.21343994271021,1322.829591653,1506.66277237632,1394.9335933758,1686.72141014258,1263.92103654251,1348.29840036793,1315.14273615365,1170.87413561149
"ENSMUSG00000071550",0.0635023500352665,0.543310165438784,95.3799877243366,97.4842665022475,79.1451684184854,60.7131397629855,74.7827640320989,56.0023249995489,60.0926643485939,37.4346970532981
"ENSMUSG00000072774",0.1346843341383,-0.739360094563412,21.5740448424095,37.6424395404718,26.7114943412388,18.7658795631046,68.3200560293249,44.1230439390385,38.4199001572977,23.9166120062738
"ENSMUSG00000072844",0.113447433691438,-1.05410944502797,23.8449969310842,30.8861042383358,33.6366965778563,32.0123827841196,73.8595200317026,43.2745238632878,98.5125645058916,34.3151389655232
"ENSMUSG00000073236",0.114295275920859,-0.444469098605707,65.8576105715658,85.9019774128715,84.0917414446407,67.336391373493,77.5524960332877,125.58097121111,85.7059311201257,123.742470815069
"ENSMUSG00000073421",0.157912487867129,-0.80832438240628,45.4190417734936,34.7468672681278,56.3909324981708,46.3627612735526,140.333088060235,56.8508450752996,48.2711566078869,74.8693941065961
"ENSMUSG00000073530",0.0642744089798219,0.615448476085533,30.6578531971082,51.1551101447437,52.4336740772465,36.4278838577913,28.6205640122848,21.2130018937685,33.4942719320032,28.0760227899736
"ENSMUSG00000073940",0.175333856817173,-0.582414971754299,91.9735595913246,58.8766362043277,125.642954864345,113.699152647046,118.175232050724,134.914692044368,103.438192731186,227.727740407563
"ENSMUSG00000074217",0.06868893827178,-0.945817982570383,6.81285626602404,9.65190757447995,6.92520223661747,17.6620042946867,29.543808012681,15.2733613635133,19.7025129011783,14.5579377429492
"ENSMUSG00000074305",0.0560491511173001,0.339855347970476,594.989447232766,580.079645226245,580.727673270636,740.700305108423,550.253424236184,556.629169692486,477.785937853574,387.865055580005
"ENSMUSG00000074415",0.155877001666845,0.3207808131469,1125.2567599383,1078.11807606941,920.062582864892,718.622799740065,857.693676368146,776.395869311928,884.642829262907,557.361045015771
"ENSMUSG00000074519",0.114285714285714,-0.406109277185831,87.4316554139752,89.7627404426635,61.3375055243261,81.6867698629259,119.09847605112,111.156129923347,81.7654285398901,112.304091159894
"ENSMUSG00000074625",0.0728897041189337,0.948059316075473,36.3352334187949,28.9557227234398,32.6473819726252,11.0387526841792,17.5416360075294,17.8189215907656,12.8066333857659,8.31882156739957
"ENSMUSG00000074892",0.0594415542426533,0.248068574219592,864.097269740716,942.026179269243,751.879099975611,791.478567455647,710.897880305137,808.639632190456,674.811066865358,625.991322946818
"ENSMUSG00000075271",0.0642390810587061,-0.592098746493775,61.3157063942164,66.5981622639116,66.2840785504815,32.0123827841196,79.3989840340803,82.3064473478219,66.9885438640063,112.304091159894
"ENSMUSG00000075415",0.104632755357195,0.233208734149672,3165.70721161251,2915.84127825039,2585.07906346878,2927.47721184432,2427.20847704183,2937.57650224906,2501.23401280459,1997.55702887182
"ENSMUSG00000075600",0.0669792192754124,0.353379918434501,312.255912192769,321.408522230182,243.371392886842,383.044718141018,228.041268097882,259.647143179727,270.909552391202,227.727740407563
"ENSMUSG00000075706",0.0635130885392073,-0.228831138656559,4339.78944145732,3846.28516843026,4839.72704879038,5065.68360676983,5261.56755825841,4834.86739162772,5257.61556767944,5847.09170918597
"ENSMUSG00000076609",0.160344572212838,-0.990711349852044,17.0321406650601,8.68671681703195,6.92520223661747,14.3503784894329,20.3113680087182,42.426003787537,9.85125645058917,20.7970539184989
"ENSMUSG00000078234",0.114285714285714,0.287278487330569,437.158277069876,481.630187966549,431.341167880745,475.770240688123,345.29325614821,347.893231057804,331.987342384855,471.053271254001
"ENSMUSG00000078566",0.0589796263299025,-0.230739871940696,1169.54032566746,1241.23531407812,1397.9015371915,1234.13255009123,1448.56983662177,1360.17768142844,1393.95278775837,1714.71709558024
"ENSMUSG00000078671",0.0529345593988046,0.286910384943331,1249.02364877107,1316.52019315906,1076.3742904914,1166.79615871774,1078.34899246286,1110.71277915772,968.378509092915,784.04893272741
"ENSMUSG00000080993",0.0719674485166553,1.14704707260919,15.8966646207228,27.9905319659918,14.839719078466,9.93487741576126,3.69297600158513,5.09112045450444,11.821507740707,10.3985269592495
"ENSMUSG00000082045",0.0598330700596306,-0.69498661950934,13.6257125320481,26.0601504510959,25.7221797360077,23.1813806367763,50.7784200217955,28.0011624997744,34.4793975770621,30.1557281818234
"ENSMUSG00000082922",0.100233399851543,0.618826569538568,70.3995147489151,69.4937345362556,43.5298426301669,38.6356343946271,42.469224018229,42.426003787537,29.5537693517675,30.1557281818234
"ENSMUSG00000084803",0.0529879693989061,0.642606189609852,47.6899938621683,33.7816765106798,52.4336740772465,61.8170150314034,27.6973200118885,36.4863632572819,40.3901514474156,20.7970539184989
"ENSMUSG00000086693",0.0655157230322323,-0.772715511079656,21.5740448424095,24.1297689361999,21.7649213150835,19.8697548315225,26.7740760114922,50.9112045450444,41.3752770924745,30.1557281818234
"ENSMUSG00000087064",0.0810075527756907,1.41095486041153,22.7095208867468,20.2690059064079,4.94657302615533,28.7007569788659,7.38595200317026,14.4248412877626,4.92562822529458,2.07970539184989
"ENSMUSG00000087390",0.0579110522337882,1.14456131660445,38.6061855074696,32.8164857532318,18.7969774993903,17.6620042946867,13.8486600059442,17.8189215907656,9.85125645058917,7.27896887147462
"ENSMUSG00000087632",0.137668644523243,-1.04965286702152,5.6773802216867,7.72152605958396,16.8183482889281,15.4542537578509,18.4648800079256,11.8792810605104,42.3604027375334,21.8369066144239
"ENSMUSG00000090266",0.0561823342068473,-0.288789303860165,199.843783803372,196.898914519391,248.317965912998,267.137814957136,275.126712118092,257.950103028225,280.760808841791,300.51742912231
"ENSMUSG00000090799",0.126301765051287,0.41292946602441,237.314493266504,294.383181021638,158.290336836971,247.268060125614,174.493116074897,211.281498861934,187.173872561194,131.021439686543
"ENSMUSG00000091264",0.0573351771087155,-0.19164432519229,2864.80605986311,3062.55027338249,3336.95816344439,3146.04451499107,3309.82974142067,3314.31941588239,3557.28870430775,3991.99449965587
"ENSMUSG00000092124",0.113431089876905,-1.01804775583352,13.6257125320481,11.5822890893759,13.8504044732349,6.62325161050751,15.6951480067368,22.91004204527,40.3901514474156,13.5180850470243
"ENSMUSG00000093674",0.0751162217338639,-0.226334180299801,3737.98713795853,2974.71791445472,4243.17034183605,4127.3896286146,4486.04259792554,4167.08209201189,4482.32168501807,4509.84114222649
"ENSMUSG00000095526",0.102336170729317,1.33741211980012,13.6257125320481,3.86076302979198,25.7221797360077,20.9736300999404,10.1556840043591,4.2426003787537,7.88100516047133,3.11955808777484
"ENSMUSG00000096977",0.125724734634114,1.02490089120867,12.4902364877107,12.5474798468239,20.7756067098524,36.4278838577913,7.38595200317026,7.63668068175667,10.8363820956481,14.5579377429492
"ENSMUSG00000097391",0.2,0.283897119719805,849.336081164331,851.298248069131,784.526481948236,664.532911587587,692.433000297212,695.786462115607,713.230967022655,485.61120899695
"ENSMUSG00000099041",0.2,0.624548603252609,62.4511824385537,89.7627404426635,56.3909324981708,52.9860128840601,31.3902960134736,39.8804435602848,63.0480412837707,35.3549916614482
"ENSMUSG00000102397",0.186590145215372,0.822286089353802,19.3030927537348,36.6772487830238,23.7435505255456,62.9208902998213,24.9275880106996,11.0307609847596,18.7173872561194,25.9963173981237
"ENSMUSG00000102570",0.079231594511448,1.13665061694239,13.6257125320481,9.65190757447995,25.7221797360077,22.0775053683584,2.76973200118885,13.5763212120119,11.821507740707,4.15941078369979
"ENSMUSG00000103761",0.123636893257224,0.654271852029322,59.0447543055417,56.9462546894317,99.9207751283378,112.595277378628,55.3946400237769,53.4567647722967,55.1670361232993,44.7136659247727
"ENSMUSG00000103916",0.0758465755327502,-1.0348804646314,7.94833231036138,12.5474798468239,21.7649213150835,27.596881710448,26.7740760114922,23.7585621210207,36.4496488671799,56.1520455799471
"ENSMUSG00000104713",0.20793726659673,-1.08090897163673,14.7611885763854,14.4778613617199,15.8290336836971,12.1426279525971,61.8573480265509,8.48520075750741,23.643015481414,27.0361700940486
"ENSMUSG00000105556",0.0721946882940736,0.960050299612489,37.4707094631322,25.0949596936479,29.679438156932,14.3503784894329,20.3113680087182,13.5763212120119,16.7471359660016,4.15941078369979
"ENSMUSG00000107148",0.0935163387424917,-1.52246065767885,1.13547604433734,5.79114454468797,10.8824606575417,11.0387526841792,9.23244000396282,14.4248412877626,38.4199001572977,20.7970539184989
"ENSMUSG00000107726",0.0735087715153346,1.05988501085505,30.6578531971082,14.4778613617199,17.8076628941592,34.2201333209555,13.8486600059442,9.33372083325815,8.86613080553025,14.5579377429492
"ENSMUSG00000107886",0.178492149641902,-0.724145776325529,21.5740448424095,21.2341966638559,29.679438156932,45.2588860051346,33.2367840142662,46.6686041662907,33.4942719320032,81.1085102821458
"ENSMUSG00000107997",0.139898860193136,0.760467587487496,60.180230349879,32.8164857532318,43.5298426301669,20.9736300999404,26.7740760114922,16.1218814392641,34.4793975770621,15.5977904388742
"ENSMUSG00000109045",0.0812238332266253,1.0228635361467,10.2192843990361,17.3734336340639,13.8504044732349,28.7007569788659,5.53946400237769,7.63668068175667,8.86613080553025,12.4782323510994
"ENSMUSG00000109305",0.132320624527705,1.11526792187941,22.7095208867468,14.4778613617199,11.8717752627728,39.739509663045,11.0789280047554,5.93964053025519,17.7322616110605,6.23911617554968
"ENSMUSG00000109693",0.118971354603592,0.985005488944608,24.9804729754215,22.1993874213039,6.92520223661747,36.4278838577913,9.23244000396282,10.1822409090089,12.8066333857659,13.5180850470243
"ENSMUSG00000110390",0.132503455920572,0.460951252188613,116.954032566746,197.864105276839,145.429246968967,199.801423583643,132.947136057065,147.642493180629,125.110956922482,73.8295414106712
"ENSMUSG00000112169",0.0620629623499957,0.939643916272156,23.8449969310842,25.0949596936479,21.7649213150835,45.2588860051346,16.6183920071331,10.1822409090089,11.821507740707,21.8369066144239
"ENSMUSG00000113019",0.0989923220887206,-0.83213729483667,10.2192843990361,23.1645781787519,11.8717752627728,22.0775053683584,23.0811000099071,19.515961742267,31.5240206418853,45.7535186206976
"ENSMUSG00000113941",0.116277970603381,0.774186057634739,27.2514250640962,35.7120580255758,60.3481909190951,62.9208902998213,24.0043440103033,16.9704015150148,31.5240206418853,36.3948443573731
"ENSMUSG00000114172",0.145450570535932,1.0695873415902,27.2514250640962,43.4335840851598,73.209280787099,19.8697548315225,16.6183920071331,6.78816060600593,27.5835180616497,27.0361700940486
"ENSMUSG00000117102",0.0527722524206714,1.19222993019026,21.5740448424095,33.7816765106798,21.7649213150835,11.0387526841792,14.7719040063405,6.78816060600593,11.821507740707,5.19926347962473
"ENSMUSG00000117286",0.0787881418319566,0.314606668632818,356.539477921925,314.652186928046,314.602044463479,314.604451499107,228.041268097882,313.952428027774,293.567442227557,210.050244576839
"ENSMUSG00000117959",0.0904544010251812,-0.988668216498668,12.4902364877107,8.68671681703195,13.8504044732349,8.83100214734334,24.0043440103033,21.2130018937685,33.4942719320032,8.31882156739957
"ENSMUSG00000120039",0.157753836177054,0.477572106147901,90.8380835469872,131.265943012927,62.3268201295572,115.906903183881,66.4735680285323,75.5182867418159,75.8546746695366,69.6701306269714
"ENSMUSG00000120400",0.0534532967122178,-0.819731830752433,22.7095208867468,24.1297689361999,37.5939549987805,18.7658795631046,37.8530040162476,31.3952428027774,64.0331669288296,48.8730767084725
"ENSMUSG00000121653",0.0898073724574323,-0.770915264010685,15.8966646207228,14.4778613617199,28.6901235517009,26.49300644203,36.006516015455,26.304122348273,28.5686437067086,55.1121928840222
"ENSMUSG00000121785",0.2,-0.338714123349884,253.211157887227,307.89585162591,377.918179198268,279.280442909733,347.139744149002,336.013949997293,361.541111736622,496.009735956199
