"","log2FoldChange","pvalue","padj","BInt_390","BInt_391","BInt_392","BInt_398","BPFC_384","BPFC_385","BPFC_386","BPFC_387","gene"
"ENSMUSG00000000263",-1.13541124035748,0.00146613882556847,0.0362516198271251,48.7333084243712,166.174194426353,89.7892373553819,69.242546294392,37.4108474769114,37.1130947826687,56.4440496945046,38.397788687791,"Glra1"
"ENSMUSG00000000295",-1.03038829839408,0.000262795056864216,0.0192994930463628,173.744838730367,512.370432814589,264.187563757181,247.594559476917,137.173107415342,131.957670338378,168.375470275132,147.528346010986,"Hddc2"
"ENSMUSG00000000317",1.07309593752346,0.00209869629541038,0.0426803602092434,24.3666542121856,15.2326344890824,18.1305190813752,23.0808487647973,39.1923164043833,55.2572744541956,30.6137218682059,45.4710655513314,"Bcl6b"
"ENSMUSG00000002831",-2.08153906454886,8.65470832655216e-11,7.59537202738218e-07,118.65501181586,239.567796964659,205.479216255585,329.426659643017,46.3181921142712,47.8346554976619,35.397115910113,81.8479179923965,"Plin4"
"ENSMUSG00000002910",-1.13811510335148,7.94919321108606e-08,0.000162658524537987,591.15621958259,745.014305011483,378.150826554397,472.108270189036,227.137288252676,230.925923092161,243.953096137266,290.004351405158,"Arrdc2"
"ENSMUSG00000003190",-1.05601218889817,0.00277502321857464,0.0487275077788617,34.9608516957446,66.4696777705412,35.3976801112563,67.1442873157741,28.5035028395515,24.7420631884458,26.7870066346801,17.1779580971696,"Bcl2l12"
"ENSMUSG00000003282",1.69104746478865,0.00157651334188245,0.0375678697433373,26.4854937088974,1.38478495355294,7.77022246344651,8.39303591447176,45.4274576505352,38.7625656618984,31.5704006765873,28.2931074541618,"Plag1"
"ENSMUSG00000003355",-1.31494108123223,0.00242353974078097,0.0458188507932222,24.3666542121856,40.1587636530353,25.0373834933276,50.3582154868306,15.1424858835117,18.1441796715269,16.2635397424844,6.06280874017752,"Fkbp11"
"ENSMUSG00000004328",-1.24235853465971,0.000127113561166927,0.0132803406285827,152.556443763249,210.487312940047,127.77699162112,193.03982603285,57.897740142839,50.3088618165065,46.8772616106902,134.392260407268,"Hif3a"
"ENSMUSG00000004730",1.06938468652164,0.000261619967481732,0.0192939229799973,48.7333084243712,23.5413442104,60.4350636045839,36.7195321258139,74.8216949538227,89.0714274784049,88.9711291794733,108.120089199832,"Adgre1"
"ENSMUSG00000004988",-1.15105551465858,0.00292320980727178,0.0499491674733708,39.1985306891682,88.6262370273883,36.2610381627504,40.9160500830498,17.8146892747197,22.2678568696012,18.1768973592472,33.3454480709764,"Fxyd4"
"ENSMUSG00000005580",1.14649596922564,0.000392499763021752,0.0229638528018593,419.530220348935,150.941559937271,182.168548865246,134.288574631548,471.198531316336,639.169965701516,538.610169118747,315.266054489231,"Adcy9"
"ENSMUSG00000007440",1.3566564462754,0.00111787775106505,0.0335238208893207,21.1883949671179,18.0022043961882,9.49693856643462,8.39303591447176,24.9405649846076,44.5357137392024,40.1805099520202,34.3559161943393,"Pcdha10"
"ENSMUSG00000007653",2.14479221129195,0.000482871870031903,0.0256829304933332,330.53896148704,54.0066131885647,211.522722616044,66.0951578264651,680.521130294292,931.951046764792,804.566877848785,514.328274791726,"Gabrb2"
"ENSMUSG00000007877",-1.09326242205444,0.00101041908623561,0.0328011778192409,81.575320623404,231.259087243341,80.2922987889472,109.109466888133,57.897740142839,51.9583326957362,55.4873708861231,68.7118323886786,"Tcap"
"ENSMUSG00000010608",-1.02036130315671,0.00014113396907663,0.0138685556637651,4977.153977776,14497.3136787457,6172.14671013101,6638.89140834716,4365.48960677006,3640.38223045999,4033.35785613612,3875.1452530968,"Rbm25"
"ENSMUSG00000014294",-1.04439088088391,0.000111710462593127,0.0121785219840656,1004.32992144139,2927.43539181092,1214.74477845214,1407.93177465264,810.568361999746,754.632927247597,845.704066609187,764.92436938573,"Ndufa2"
"ENSMUSG00000014498",1.00281330733791,0.0015550240211075,0.0373887419431218,884.615489877173,246.491721732424,366.927171884974,305.29668138891,940.6155937052,1029.26982863934,959.548844806578,686.107855763423,"Ankrd52"
"ENSMUSG00000015452",-1.34391227344807,0.000550992455203885,0.0270359456401487,30.723172702321,49.8522583279059,27.6274576478098,51.4073449761395,21.3776271296636,10.7215607149932,15.3068609341029,15.1570218504438,"Ager"
"ENSMUSG00000016239",1.59150240357363,0.000228577912005276,0.0180147637218379,49.7927281727271,20.7717743032941,10.3602966179287,11.5404243823987,69.4772881714068,83.2982794011008,52.6173344609788,71.7432367587673,"Lonrf3"
"ENSMUSG00000020044",1.06138018364107,8.2843121044557e-06,0.00285110286387072,512.759158204254,199.409033311624,398.871419790254,327.328400664399,733.074463654715,846.178561044846,635.234728765272,793.217476839892,"Timp3"
"ENSMUSG00000020562",-1.7382999896872,1.48501575906398e-05,0.00413061907640551,30.723172702321,96.9349467487059,53.5281991926315,61.8986398692292,16.0332203472477,13.1957670338378,15.3068609341029,28.2931074541618,"Efcab10"
"ENSMUSG00000021256",1.1252286979312,4.7036301660009e-05,0.0074668330059095,245.785381618568,113.552366191341,105.329682282275,110.158596377442,319.773672481219,362.058857990923,342.491013400553,229.376264003383,"Vash1"
"ENSMUSG00000022762",1.32215314071818,1.18652116934002e-07,0.000189325632402327,352.786776202513,150.941559937271,296.995169713955,206.678509393867,520.188926821815,813.189143460252,662.021735399952,529.48529664217,"Ncam2"
"ENSMUSG00000022801",1.35977778783439,2.61976940881554e-05,0.0057477740829413,136.665147537911,42.9283335601412,64.7518538620542,46.1616975295947,202.196723268069,214.431214299864,186.55236763438,144.496941640898,"Lrch3"
"ENSMUSG00000022829",1.35537774061216,9.26723590120709e-08,0.000162658524537987,116.536172319149,108.013226377129,100.149533973311,86.0286181233355,208.43186451422,399.996688213207,255.433241837843,184.915666575414,"Stxbp5l"
"ENSMUSG00000022969",1.70645664370815,0.00266457704071637,0.0479678525319525,10.594197483559,0,6.04350636045839,7.34390642516279,16.9239548109837,21.4431214299864,18.1768973592472,24.2512349607101,"Il10rb"
"ENSMUSG00000023267",-1.08113180628753,0.00157745670013899,0.0375678697433373,29.6637529539651,47.0826884208,45.757976729185,47.2108270189036,17.8146892747197,18.1441796715269,17.2202185508658,27.2826393307988,"Gabrr2"
"ENSMUSG00000024175",-1.11518717859228,0.000604800711664767,0.0275337205518391,45.5550491793035,55.3913981421177,44.8946186776909,45.1125680402857,19.5961582021917,17.3194442319121,19.1335761676287,32.3349799476134,"Tekt4"
"ENSMUSG00000025013",2.02205113890791,0.00101622322935108,0.0328011778192409,3.17825924506769,1.38478495355294,12.9503707724108,3.14738846792691,17.8146892747197,31.3399467053647,21.0469337843915,18.1884262205326,"Tll2"
"ENSMUSG00000026220",1.39410400096014,0.00109286604733755,0.0332246089497009,42.3767899342358,4.15435486065883,31.9442479052801,24.1299782541063,63.2421469252549,89.0714274784049,71.7509106286075,49.5129380447831,"Slc16a14"
"ENSMUSG00000028246",1.66743195111716,1.75357090369386e-06,0.00137575337492427,205.527431181044,72.008817584753,87.1991632008997,61.8986398692292,286.816497322987,475.872348657774,387.45491739448,206.135497166036,"Faxc"
"ENSMUSG00000028864",1.59563435698315,0.000459542820044407,0.0252270449958212,12.7130369802708,4.15435486065883,30.217531802292,14.6878128503256,30.2849717670235,62.6798934107293,51.6606556525974,47.4920017980572,"Hgf"
"ENSMUSG00000028971",-1.17972763827514,0.00087015959421692,0.0311059902193388,118.65501181586,456.979034672471,151.08765901146,180.450272161143,105.106666720846,102.267194512243,117.671493430916,73.7641730054932,"Cort"
"ENSMUSG00000029135",1.04598871332072,3.6572415574026e-07,0.00049378387550408,682.266317941197,346.196238388235,465.349989755296,390.276170022937,934.380452459048,1090.30025117084,1011.20950045918,857.887436735119,"Fosl2"
"ENSMUSG00000029298",1.51758746670553,0.00183384912692344,0.0396086217887199,27.5449134572533,1.38478495355294,12.0870127209168,24.1299782541063,63.2421469252549,42.8862428599727,34.4404371017316,48.5024699214202,"Gbp9"
"ENSMUSG00000030525",1.19690370265582,0.0011457891671653,0.0337731373219479,57.2086664112184,26.3109141175059,31.9442479052801,33.572143657887,94.4178531560144,122.060845062999,88.0144503710919,37.387320564428,"Chrna7"
"ENSMUSG00000030711",-1.26614521377207,9.04874556114205e-06,0.00305429965556087,210.824529922823,509.600862907483,271.957786220628,284.314091602731,138.063841879078,117.11243242531,89.9278079878547,184.915666575414,"Sult1a1"
"ENSMUSG00000031010",1.23096525225933,2.03792090633723e-06,0.00137575337492427,698.157614166535,321.270109224283,698.456663658692,342.016213514724,1079.57017004801,1508.44111905558,1258.98931182997,994.300633389113,"Usp9x"
"ENSMUSG00000031189",3.04919191754752,2.67048020680786e-10,1.56240895299639e-06,13.7724567286266,5.53913981421177,4.31679025747028,3.14738846792691,58.788474606575,80.8240730822563,42.0938675687831,38.397788687791,"Aff2"
"ENSMUSG00000031210",1.33586694408329,0.000454696043126381,0.0250969338017429,54.0304071661507,12.4630645819765,55.2549152956196,25.1791077434153,83.7290395911826,103.091929951857,66.9675165867003,122.266642926913,"Gpr165"
"ENSMUSG00000031433",1.87208967058109,1.89200607569321e-06,0.00137575337492427,36.0202714441005,5.53913981421177,22.4473093388455,12.5895538717076,71.2587570988788,75.0509250049522,76.5343046705147,62.649023648501,"Rbm41"
"ENSMUSG00000031765",-1.04081732348153,0.000260925265574162,0.0192939229799973,2866.78983905105,10342.9588180869,5141.2971966471,5349.51126598644,2776.41932346506,2549.25724384953,2721.75120984518,3470.95800375163,"Mt1"
"ENSMUSG00000031780",-1.4502547087098,0.000782911686869553,0.0296863513927846,38.1391109408123,55.3913981421177,26.7640995963157,22.0317192754884,11.5795480285678,18.9689151111418,9.56678808381433,11.1151493569921,"Ccl17"
"ENSMUSG00000032393",1.03101915713767,2.06547685386515e-05,0.0049661985943892,1203.5008341323,487.444303650636,1105.96166396389,752.225843834531,1707.53796698188,2165.75526442862,1840.65002732588,1545.0057606219,"Dpp8"
"ENSMUSG00000033624",1.12995713147779,0.00048638331407186,0.0257155752324975,157.853542505029,51.2370432814588,117.416695003192,100.716430973661,281.472090540571,295.25528738212,240.12638090374,121.25617480355,"Pdpr"
"ENSMUSG00000033799",1.08433614859669,0.000381366837896062,0.0224622508011801,197.052073194197,69.2392476776471,189.938771328692,94.4216540378073,297.505310887819,338.141530242093,336.750940550265,200.072688425858,"Tasor2"
"ENSMUSG00000034071",1.5549238875497,0.000379025323604782,0.022414338269674,23.3072344638297,5.53913981421177,18.1305190813752,13.6386833610166,35.6293785494394,63.5046288503442,55.4873708861231,26.2721712074359,"Zfp551"
"ENSMUSG00000034218",1.06915217335348,1.60546262111426e-05,0.00414398234202904,127.130369802708,67.8544627240941,90.6525954068759,59.8003808906113,165.676610254893,211.132272541404,190.379082867905,159.653963491341,"Atm"
"ENSMUSG00000035215",-1.01504594776394,2.77901708342486e-05,0.00602188985781149,922.754600817986,2230.88856017379,1065.38383554367,1248.46409227767,644.001017281117,747.210308291063,717.509106286075,594.155256537397,"Lsm7"
"ENSMUSG00000035394",-1.54553854075787,0.00103631318998868,0.0330949576431564,24.3666542121856,42.9283335601412,26.7640995963157,19.9334602968704,12.4702824923038,13.1957670338378,8.6101092754329,4.04187249345168,"Cfap53"
"ENSMUSG00000035595",-1.01638525844306,0.000576769900526133,0.02725536786605,78.3970613783363,200.793818265177,97.5594598188284,112.25685535606,59.679209070311,70.1025123672631,53.5740132693603,56.5862149083235,"Fam174c"
"ENSMUSG00000036501",1.04361157856015,8.6246027448211e-08,0.000162658524537987,453.431652296324,253.415646500188,380.740900708879,273.822796709641,658.252768700893,783.498667634117,706.028960585498,663.877557049439,"Fam13b"
"ENSMUSG00000036560",1.04475846880246,0.00119464885091106,0.034097433119177,190.695554704061,40.1587636530353,120.870127209168,111.207725866751,207.541130050484,276.286372270978,242.996417328884,232.407668373472,"Lgi4"
"ENSMUSG00000037014",1.97297993627938,8.19196490413725e-06,0.00285110286387072,42.3767899342358,5.53913981421177,21.5839512873514,11.5404243823987,77.4938983450307,109.689813468776,81.3176987124218,53.5548105382348,"Sstr4"
"ENSMUSG00000037112",1.4143489200661,0.000183825435829386,0.0159297342409022,157.853542505029,37.3891937459294,66.4785699650423,40.9160500830498,165.676610254893,285.358462106742,179.855615975709,177.842389711874,"Sik2"
"ENSMUSG00000037341",2.07840168299441,2.8071134902905e-08,8.21174266359646e-05,32.8420121990328,23.5413442104,22.4473093388455,22.0317192754884,96.1993220834864,188.864415671803,84.1877351375661,55.5757467849606,"Slc9a7"
"ENSMUSG00000037868",1.01800337990957,5.8057279901679e-06,0.00243875508414593,155.734703008317,87.2414520738353,136.410572136061,115.404243823987,269.892542512003,315.873673372491,210.469337843915,209.166901536124,"Egr2"
"ENSMUSG00000038729",-1.17080596334143,0.00217430032105435,0.0432690694276032,38.1391109408123,62.3153229098824,49.2114089351612,30.4247551899601,12.4702824923038,25.5667986280607,14.3501821257215,27.2826393307988,"Pakap"
"ENSMUSG00000039878",-1.71857839985725,0.0011645679371542,0.0339543130115126,18.0101357220502,65.0848928169883,12.9503707724108,37.7686616151229,8.01661017362386,12.3710315942229,9.56678808381433,10.1046812336292,"Slc39a5"
"ENSMUSG00000040565",1.01017058294248,2.47882304282203e-06,0.00145027673492041,366.55923293114,204.948173125835,324.622627361765,270.675408241714,642.219548353645,576.490072290787,711.769033435786,424.396611812426,"Btaf1"
"ENSMUSG00000041180",1.28029264654853,5.08116380164398e-06,0.00241039424449879,75.2188021332686,31.8500539317177,74.2487924284888,50.3582154868306,147.861920980173,158.349204406053,160.722039808081,101.046812336292,"Hectd2"
"ENSMUSG00000041216",1.10931883343649,0.0002288794615981,0.0180147637218379,152.556443763249,40.1587636530353,102.739608127793,86.0286181233355,177.256158283461,231.750658531776,229.602914011544,188.957539068866,"Clvs1"
"ENSMUSG00000041261",1.09380100169958,0.00180581686627003,0.0396086217887199,139.843406782978,94.1653768416,132.093781878591,120.649891270532,132.719435096662,456.903433546632,131.064996748256,319.307926982683,"Car8"
"ENSMUSG00000041710",1.7001046491331,0.000103715178727427,0.0118290506672905,29.6637529539651,34.6196238388235,12.9503707724108,4.19651795723588,62.3514124615189,64.3293642899591,77.4909834788961,55.5757467849606,"Trpc5"
"ENSMUSG00000042631",2.02526535177218,0.000423167875123769,0.0241150731953649,14.8318764769825,0,6.90686441195245,6.29477693585382,26.7220339120795,39.5873011015133,34.4404371017316,16.1674899738067,"Xkr7"
"ENSMUSG00000043467",1.09231455764727,8.43903168598731e-05,0.0102153023553413,110.179653829013,78.9327423525177,73.3854343769948,44.0634385509767,141.626779734022,209.482801662174,176.028900742184,125.298047297002,"Zbtb37"
"ENSMUSG00000043635",1.29892093985139,0.00034722126340826,0.0216883545029956,79.4564811266922,18.0022043961882,69.0686441195245,58.7512514013023,146.080452052702,194.637563749107,135.848390790164,81.8479179923965,"Adamts3"
"ENSMUSG00000043648",-1.32424286831871,0.00164506927932909,0.03819346030527,55.0898269145066,121.861075912659,30.217531802292,51.4073449761395,34.7386440857034,27.2162695072904,24.8736490179173,15.1570218504438,"Pld6"
"ENSMUSG00000044749",1.41087325553848,0.00050525115485754,0.0260828478531163,15.8912962253384,13.8478495355294,15.540444926893,5.24564744654485,37.4108474769114,31.3399467053647,33.4837582933502,32.3349799476134,"Abca6"
"ENSMUSG00000047227",1.08684418758569,0.0010050767993835,0.0327901635367642,40.257950437524,12.4630645819765,24.1740254418336,37.7686616151229,64.1328813889909,61.0304225314996,60.2707649280303,60.6280874017752,"Gm527"
"ENSMUSG00000047959",2.24421079275145,5.91887009535095e-06,0.00243875508414593,19.0695554704061,8.30870972131765,6.04350636045839,2.09825897861794,36.5201130131754,56.9067453334253,38.2671523352573,35.3663843177022,"Kcna3"
"ENSMUSG00000048732",1.94099884046983,6.12407428395165e-08,0.000153556788331313,93.2289378553189,22.1565592568471,40.5778284202206,34.621273147196,166.567344718629,242.472219246769,201.859228568482,124.287579173639,"Klhl11"
"ENSMUSG00000050075",-1.32999832213915,0.00196083144027517,0.0410208741832059,47.6738886760153,195.254678450965,65.6152119135483,82.8812296554086,28.5035028395515,20.6183859903715,51.6606556525974,54.5652786615977,"Gpr171"
"ENSMUSG00000050777",-1.32107836076536,0.00190861257471046,0.0404658236442083,26.4854937088974,62.3153229098824,27.6274576478098,34.621273147196,8.01661017362386,15.6699733526823,20.0902549760101,16.1674899738067,"Tmem37"
"ENSMUSG00000051599",2.46537739572604,1.34152520580229e-05,0.00386007383807241,8.47535798684717,2.76956990710588,4.31679025747028,2.09825897861794,32.9571751582314,27.2162695072904,18.1768973592472,20.2093624672584,"Pcdhb2"
"ENSMUSG00000051951",1.5568644641987,4.84453236624708e-07,0.000566874880615792,63.5651849013538,33.2348388852706,58.7083475015958,63.9968988478472,125.593559386774,240.822748367539,184.639010017617,98.0154079662033,"Xkr4"
"ENSMUSG00000053465",1.88287612666663,1.18532388730582e-05,0.00370943436074631,28.6043332056092,23.5413442104,16.4038029783871,7.34390642516279,42.7552542593273,116.287696985695,69.8375530118446,48.5024699214202,"Hs6st3"
"ENSMUSG00000054150",1.72538707298286,0.00033606805086444,0.0215390855377777,5.29709874177948,13.8478495355294,5.18014830896434,12.5895538717076,30.2849717670235,42.0615074203578,20.0902549760101,26.2721712074359,"Syne3"
"ENSMUSG00000054409",1.19363300952114,1.03814172759088e-05,0.00337434511160652,64.6246046497097,36.0044087923765,75.1121504799829,46.1616975295947,97.0900565472223,159.173939845668,132.021675556638,124.287579173639,"Tmem74"
"ENSMUSG00000055333",2.70257320858041,8.39358316128636e-05,0.0102153023553413,10.594197483559,4.15435486065883,3.45343220597623,8.39303591447176,11.5795480285678,110.514548908391,13.3935033173401,37.387320564428,"Fat2"
"ENSMUSG00000056476",1.15441381459235,7.81465140274644e-05,0.00987680041583517,221.418727406382,88.6262370273883,138.137288239049,122.748150249149,338.479096219674,369.481476947457,388.411596202862,176.831921588511,"Med12l"
"ENSMUSG00000056553",1.0757578359418,0.000214812799471798,0.017295386496922,2337.07996487311,594.072745074212,1513.46666426908,1237.97279738458,2821.8467811156,3464.71358182203,3014.4949252099,2681.78239940519,"Ptprn2"
"ENSMUSG00000058626",-2.8210873123447,5.50533578519882e-05,0.00795455408861157,4.23767899342358,62.3153229098824,34.5343220597623,74.4881937409369,5.34440678241591,12.3710315942229,5.7400728502886,1.01046812336292,"Capn11"
"ENSMUSG00000059891",-1.19103878133694,0.0010257827723668,0.0329601659099846,38.1391109408123,51.2370432814588,31.9442479052801,40.9160500830498,20.4868926659276,22.2678568696012,17.2202185508658,10.1046812336292,"Tsks"
"ENSMUSG00000061816",-1.6045510349436,0.00235331755920917,0.0450440892030963,21.1883949671179,26.3109141175059,18.9938771328692,11.5404243823987,4.45367231867992,9.07208983576346,4.78339404190717,7.07327686354044,"Myl1"
"ENSMUSG00000065431",2.19809212979645,0.000440379452888918,0.0248408122617375,15.8912962253384,2.76956990710588,6.04350636045839,1.04912948930897,37.4108474769114,35.463623903439,34.4404371017316,12.125617480355,"Mir186"
"ENSMUSG00000066571",1.46063255513329,0.000138116364187907,0.0138685556637651,182.220196717214,30.4652689781647,76.838866582971,66.0951578264651,254.750056628492,311.749996174417,252.563205412698,162.68536786143,"Garre1"
"ENSMUSG00000066975",-1.41043721419299,0.0014432487362913,0.035883530099016,25.4260739605415,38.7739786994824,16.4038029783871,30.4247551899601,8.90734463735985,10.7215607149932,8.6101092754329,13.136085603718,"Cryba4"
"ENSMUSG00000069804",-1.47181160089609,4.94712033314804e-05,0.00761682948135214,107.001394583946,318.500539317177,80.2922987889472,159.467682374963,73.0402260263508,47.8346554976619,60.2707649280303,57.5966830316864,"Gm10277"
"ENSMUSG00000069917",-1.26741572826449,0.000357338438735697,0.0220355179419197,148.318764769825,675.775057333836,359.156949421527,238.152394073136,138.954576342814,147.62764369106,110.018062963865,192.999411562318,"Hba-a2"
"ENSMUSG00000070167",-1.50891316646912,0.000979433134789409,0.0325450352393761,25.4260739605415,51.2370432814588,18.9938771328692,28.3264962113422,10.6888135648318,9.89682527537832,15.3068609341029,7.07327686354044,"Snora57"
"ENSMUSG00000070883",-1.06015738359854,0.00181194021423745,0.0396086217887199,115.476752570793,397.433281669694,139.000646290543,158.418552885654,74.8216949538227,105.566136270702,98.5379172632876,108.120089199832,"Cfap210"
"ENSMUSG00000071001",-1.68989503229713,0.000566223962952061,0.0271539972615699,15.8912962253384,36.0044087923765,19.8572351843633,29.3756257006512,6.23514124615189,8.2473543961486,11.4801457005772,5.0523406168146,"Hrct1"
"ENSMUSG00000072294",1.34402751526689,6.19571467259182e-06,0.00243875508414593,109.120234080657,88.6262370273883,44.0312606261969,63.9968988478472,178.146892747197,268.863753314444,195.162476909812,129.339919790454,"Klf12"
"ENSMUSG00000073016",1.70924606471668,3.9668982068261e-05,0.0072528122214804,13.7724567286266,13.8478495355294,8.63358051494056,11.5404243823987,27.6127683758155,58.556216212655,31.5704006765873,36.3768524410651,"Uprt"
"ENSMUSG00000073656",-1.33236780965311,0.000194358469893214,0.0162446660169795,78.3970613783363,300.498334920988,115.689978900204,131.141186163621,50.7718644329511,52.783068135351,80.3610199040404,63.659491771864,"Gm10558"
"ENSMUSG00000074283",1.54118715457895,0.00115450560580952,0.0337731373219479,44.4956294309476,9.69349467487059,25.9007415448217,8.39303591447176,64.1328813889909,73.4014541257225,89.9278079878547,32.3349799476134,"Zfp109"
"ENSMUSG00000077637",1.91705985922916,4.5933236695742e-05,0.00739651532553819,10.594197483559,4.15435486065883,11.2236546694227,8.39303591447176,27.6127683758155,25.5667986280607,53.5740132693603,26.2721712074359,"Gm22771"
"ENSMUSG00000077737",-1.82065699991704,0.00136765891734801,0.0351981661543875,14.8318764769825,36.0044087923765,17.2671610298811,23.0808487647973,4.45367231867992,6.59788351691888,12.4368245089586,2.02093624672584,"Snord72"
"ENSMUSG00000078117",1.05697367237351,0.000170200268132144,0.0152530679104773,102.763715590522,52.6218282350118,120.870127209168,98.6181719950432,171.911751501045,256.492721720221,228.646235203163,127.318983543728,"Gm16485"
"ENSMUSG00000078190",-1.16419153013507,0.00115407713453225,0.0337731373219479,108.060814332301,376.6615073664,153.677733165942,130.092056674312,67.6958192439348,62.6798934107293,97.5812384549062,114.18289794001,"Dnm3os"
"ENSMUSG00000081344",-1.01893464980062,0.00268261029390296,0.0481936293537204,33.9014319473887,58.1609680492236,33.6709640082682,40.9160500830498,20.4868926659276,19.7936505507566,22.9602914011544,18.1884262205326,"Gm14303"
"ENSMUSG00000081487",-1.11626935450825,0.00114836387967559,0.0337731373219479,83.6941601201158,236.798227057553,78.5655826859591,107.011207909515,49.8811299692151,47.8346554976619,68.8808742034632,65.6804280185898,"Gm13689"
"ENSMUSG00000081656",-1.5510724676624,0.00152434921657296,0.0370000885005742,21.1883949671179,203.563388172282,71.6587182740067,63.9968988478472,27.6127683758155,23.9173277488309,31.5704006765873,39.4082568111539,"Gm11246"
"ENSMUSG00000081968",-1.34464695975725,0.00156134304393865,0.0374381053377201,23.3072344638297,56.7761830956706,25.9007415448217,33.572143657887,13.3610169560398,18.1441796715269,13.3935033173401,9.09421311026628,"Rpl23a-ps2"
"ENSMUSG00000082062",-1.58216822368787,9.64856025268431e-05,0.011290101970341,38.1391109408123,74.7783874918589,26.7640995963157,49.3090859975216,15.1424858835117,20.6183859903715,16.2635397424844,10.1046812336292,"Ftl2-ps"
"ENSMUSG00000082305",2.53678441995141,7.11517650512932e-05,0.0092991532442796,4.23767899342358,4.15435486065883,4.31679025747028,1.04912948930897,23.1590960571356,29.690475826135,13.3935033173401,13.136085603718,"Gm2420"
"ENSMUSG00000082399",-1.63478378460525,0.000280997565719964,0.019649678380545,21.1883949671179,56.7761830956706,28.4908156993039,26.2282372327242,9.79807910109583,9.07208983576346,14.3501821257215,9.09421311026628,"Gm14036"
"ENSMUSG00000083306",-2.05521330996931,0.00010718255964488,0.0119067613094109,20.128975218762,88.6262370273883,40.5778284202206,62.9477693585382,12.4702824923038,2.47420631884458,19.1335761676287,17.1779580971696,"Gm13868"
"ENSMUSG00000084202",-1.32111484934123,0.00251793801066173,0.0468600275557936,22.2478147154738,77.5479573989647,28.4908156993039,44.0634385509767,21.3776271296636,11.546296154608,16.2635397424844,19.1988943438955,"Gm5398"
"ENSMUSG00000084383",-1.84910924603034,0.00123598983358029,0.0343804969239323,21.1883949671179,96.9349467487059,20.7205932358574,39.8669205937409,8.01661017362386,4.1236771980743,17.2202185508658,20.2093624672584,"Gm13370"
"ENSMUSG00000084911",1.90818404289444,6.17847169676139e-06,0.00243875508414593,14.8318764769825,9.69349467487059,17.2671610298811,4.19651795723588,38.3015819406473,47.009920058047,55.4873708861231,34.3559161943393,"Gm16185"
"ENSMUSG00000084947",-1.93851047847491,1.72057168579698e-05,0.00431421060415837,51.9115676694389,260.339571267953,94.9693856643462,95.4707835271163,25.8312994483436,14.8452379130675,44.9639039939274,45.4710655513314,"Gm15594"
"ENSMUSG00000085456",-2.01849616652883,0.000140438295587394,0.0138685556637651,21.1883949671179,106.628441423577,36.2610381627504,29.3756257006512,14.2517514197758,14.0205024734526,4.78339404190717,14.1465537270809,"Gm15398"
"ENSMUSG00000085791",-1.18051899528953,0.000962688292449614,0.0323452170515324,60.3869256562861,164.7894094728,98.4228178703224,84.9794886340266,39.1923164043833,28.0410049469052,39.2238311436388,73.7641730054932,"Rpl30-ps9"
"ENSMUSG00000086446",-1.20934981963394,0.000487880956724116,0.0257155752324975,143.021666028046,350.350593248894,123.46020136365,125.895538717076,65.9143503164629,54.4325390145807,88.9711291794733,111.151493569921,"Prkag2os1"
"ENSMUSG00000086567",-1.20291621973257,0.00166272089649599,0.0382679199689592,74.1593823849127,275.572205757035,79.4289407374532,93.3725245484983,63.2421469252549,53.6078035749659,62.1841225447932,46.4815336746943,"Gm2830"
"ENSMUSG00000086905",1.58461239089247,0.00057443314163592,0.02725536786605,30.723172702321,9.69349467487059,14.677086875399,14.6878128503256,47.2089265780072,90.7208983576346,48.7906192274531,23.2407668373472,"Gm13716"
"ENSMUSG00000086965",1.73462220069402,0.000209361692394268,0.01709170430188,13.7724567286266,5.53913981421177,10.3602966179287,7.34390642516279,30.2849717670235,42.8862428599727,17.2202185508658,34.3559161943393,"Rtl10"
"ENSMUSG00000086999",-1.41190945453417,0.0017024184380854,0.038573356480633,23.3072344638297,42.9283335601412,25.0373834933276,36.7195321258139,16.0332203472477,14.8452379130675,12.4368245089586,4.04187249345168,"Bcas1os2"
"ENSMUSG00000087373",-1.70296941415222,0.00112177134897074,0.0335423010513363,23.3072344638297,44.3131185136941,38.8511123172325,26.2282372327242,16.9239548109837,9.07208983576346,13.3935033173401,1.01046812336292,"Gm15892"
"ENSMUSG00000087516",-1.27293701061769,0.00287033256109498,0.0495364315583789,52.9709874177948,40.1587636530353,36.2610381627504,33.572143657887,14.2517514197758,25.5667986280607,22.003612592773,5.0523406168146,"Tbx3os1"
"ENSMUSG00000087590",-1.12075716700136,0.00115900408641331,0.0338483190095281,116.536172319149,324.039679131388,102.739608127793,114.355114334678,80.1661017362386,58.556216212655,77.4909834788961,84.8793223624853,"Epb41l4aos"
"ENSMUSG00000087632",-1.79635064009391,0.000962650478095062,0.0323452170515324,27.5449134572533,196.639463404518,53.5281991926315,41.9651795723588,17.8146892747197,11.546296154608,41.1371887604016,21.2198305906213,"Gm6058"
"ENSMUSG00000090200",-1.69337378221614,0.00106458396381983,0.0330949576431564,18.0101357220502,73.3936025383059,31.080889853786,30.4247551899601,7.12587570988788,5.77314807730402,18.1768973592472,16.1674899738067,"1700025N21Rik"
"ENSMUSG00000090777",1.52983356255927,0.000980875321423765,0.0325450352393761,18.0101357220502,5.53913981421177,11.2236546694227,5.24564744654485,29.3942373032875,32.9894175845944,32.5270794849687,22.2302987139842,"Ccdc188"
"ENSMUSG00000090778",-1.58565349333433,1.64791133992906e-05,0.00419190432441084,99.5854563454542,361.428872877318,94.9693856643462,179.401142671834,67.6958192439348,66.8035706088036,51.6606556525974,57.5966830316864,"Gm3235"
"ENSMUSG00000091288",-1.26244084428648,0.00117680626865538,0.0340721306198763,38.1391109408123,87.2414520738353,50.9381250381493,49.3090859975216,21.3776271296636,10.7215607149932,29.6570430598244,32.3349799476134,"Gm17075"
"ENSMUSG00000091387",1.37004343150722,0.000297645593383589,0.0201638559182814,98.5260365970983,20.7717743032941,72.5220763255007,36.7195321258139,117.57694921315,190.513886551033,182.725652400854,104.078216706381,"Gcnt4"
"ENSMUSG00000091421",1.56668092874539,0.00158419445623205,0.0376742551680812,16.9507159736943,0,24.1740254418336,20.9825897861794,36.5201130131754,62.6798934107293,46.8772616106902,42.4396611812426,"Gm4202"
"ENSMUSG00000092526",-1.35539551476945,0.00098036337282945,0.0325450352393761,46.6144689276594,87.2414520738353,57.8449894501018,52.4564744654485,47.2089265780072,18.1441796715269,17.2202185508658,12.125617480355,"Gm17907"
"ENSMUSG00000092603",-1.354582312249,0.00149708605316193,0.0365463899931824,43.4362096825917,166.174194426353,54.3915572441255,52.4564744654485,39.1923164043833,36.2883593430538,27.7436854430616,19.1988943438955,"Gm20386"
"ENSMUSG00000093668",-1.39930478563295,0.00149006495918836,0.0364833216250243,28.6043332056092,96.9349467487059,30.217531802292,41.9651795723588,19.5961582021917,12.3710315942229,18.1768973592472,24.2512349607101,"Pou5f2"
"ENSMUSG00000094410",1.97211162178768,0.00105606161579805,0.0330949576431564,96.4071971003865,47.0826884208,41.4411864717147,27.2773667220332,221.79288147026,305.976848097113,247.779811370791,56.5862149083235,"Zbed6"
"ENSMUSG00000095332",1.52499248128131,0.000724523262795448,0.029167046579325,67.8028638947773,12.4630645819765,12.9503707724108,33.572143657887,90.8549153010704,112.988755227236,107.148026538721,54.5652786615977,"Gm9821"
"ENSMUSG00000095334",1.06145597693661,8.1692606770876e-05,0.0100976664369184,93.2289378553189,33.2348388852706,64.7518538620542,88.1268771019535,147.861920980173,155.050262647594,140.631784832071,143.486473517535,"Gm21984"
"ENSMUSG00000096257",-1.08705919196684,0.00159050951911738,0.0376742551680812,50.852147921083,132.939355541082,82.0190148919353,69.242546294392,40.0830508681193,46.1851846184322,22.003612592773,48.5024699214202,"Ccer2"
"ENSMUSG00000096977",-1.57467965527687,0.00202138607322619,0.041838877779795,18.0101357220502,58.1609680492236,21.5839512873514,19.9334602968704,7.12587570988788,7.42261895653374,10.5234668921958,14.1465537270809,"Gm10827"
"ENSMUSG00000097217",-1.25992902428114,5.13690195834771e-05,0.00776420126407783,69.9217033914891,164.7894094728,106.193040333769,83.9303591447176,35.6293785494394,39.5873011015133,40.1805099520202,61.6385555251381,"Gm26549"
"ENSMUSG00000097360",-1.33362869563916,0.00276345303854736,0.0487275077788617,15.8912962253384,23.5413442104,34.5343220597623,36.7195321258139,9.79807910109583,9.07208983576346,15.3068609341029,10.1046812336292,"9430065F17Rik"
"ENSMUSG00000097464",-1.60094811637545,4.44178823398698e-05,0.00731008093725311,91.1100983586071,375.276722412847,100.149533973311,160.516811864272,67.6958192439348,43.7109782995876,49.7472980358345,77.8060454989449,"Gm26736"
"ENSMUSG00000097484",-2.30367444972571,2.95215796728894e-05,0.0062429248966091,18.0101357220502,78.9327423525177,17.2671610298811,32.5230141685781,8.01661017362386,6.59788351691888,7.65343046705147,7.07327686354044,"Gm26807"
"ENSMUSG00000097583",-1.35247305998292,5.63517856807956e-05,0.00797650437313971,99.5854563454542,329.5788189456,132.957139930085,159.467682374963,84.6197740549186,48.6593909372767,74.6209470537518,73.7641730054932,"6430590A07Rik"
"ENSMUSG00000097603",-1.83369928716727,0.000683971061766441,0.0288714301836299,16.9507159736943,48.467473374353,25.0373834933276,16.7860718289435,3.56293785494394,5.77314807730402,8.6101092754329,12.125617480355,"A430010J10Rik"
"ENSMUSG00000097736",-1.17729356559906,0.000157334248652711,0.0146889932571935,146.199925273114,289.420055292565,87.1991632008997,152.123775949801,81.9475706637106,66.8035706088036,79.404341095659,68.7118323886786,"9530059O14Rik"
"ENSMUSG00000098120",-1.41730046609745,0.000170982618268836,0.0152530679104773,45.5550491793035,134.324140494635,50.9381250381493,53.5056039547575,24.0498305208716,25.5667986280607,30.6137218682059,25.261703084073,"Gm5914"
"ENSMUSG00000098146",-1.24161833907957,0.00212613117072534,0.042844838471379,43.4362096825917,159.250269658588,54.3915572441255,55.6038629333754,31.1757062307595,29.690475826135,44.0072251855459,26.2721712074359,"Gm26935"
"ENSMUSG00000098202",-1.13078172718018,0.000893088686605069,0.0314218317660177,132.427468544487,415.435486065883,145.907510702496,147.927257992565,73.0402260263508,90.7208983576346,107.148026538721,112.161961693284,"B830012L14Rik"
"ENSMUSG00000099773",-2.47585534065259,0.000186408889677383,0.0160384746647913,13.7724567286266,66.4696777705412,19.8572351843633,16.7860718289435,2.67220339120795,1.64947087922972,6.69675165867003,10.1046812336292,"Hmgb1-rs16"
"ENSMUSG00000099966",-1.10718470330746,0.00127959244889556,0.0346453343723068,61.446345404642,181.406828915435,72.5220763255007,126.944668206385,44.5367231867992,44.5357137392024,70.7942318202261,44.4605974279685,"2810402E24Rik"
"ENSMUSG00000100131",1.12428287783625,0.00271090840366658,0.048327243688751,27.5449134572533,11.0782796284235,31.080889853786,15.7369423396345,33.8479096219674,55.2572744541956,44.0072251855459,56.5862149083235,"Gm28439"
"ENSMUSG00000100213",-1.23386601722232,9.39508471632982e-05,0.0110672836873168,68.8622836431332,164.7894094728,144.180794599507,105.962078420206,61.460677997783,66.8035706088036,44.0072251855459,32.3349799476134,"Gm28151"
"ENSMUSG00000100394",-1.68747740032386,0.00106701668727841,0.0330949576431564,29.6637529539651,78.9327423525177,13.8137288239049,31.4738846792691,10.6888135648318,9.89682527537832,9.56678808381433,17.1779580971696,"Gm28791"
"ENSMUSG00000100622",-1.77136877209685,0.00100283803021653,0.0327780504773938,13.7724567286266,70.6240326312,37.9877542657385,22.0317192754884,17.8146892747197,7.42261895653374,9.56678808381433,7.07327686354044,"Gm20379"
"ENSMUSG00000102316",-1.67600706993884,1.10336678144956e-06,0.00112216238351946,67.8028638947773,228.489517336235,102.739608127793,107.011207909515,41.8645197955913,32.1646821449795,39.2238311436388,44.4605974279685,"Gm37629"
"ENSMUSG00000102411",1.63271148928693,0.00174045089718635,0.0387669976490035,20.128975218762,9.69349467487059,6.90686441195245,6.29477693585382,28.5035028395515,47.8346554976619,43.0505463771645,13.136085603718,"Gm36936"
"ENSMUSG00000102494",-1.81180042043614,0.00062208258126307,0.0275337205518391,29.6637529539651,108.013226377129,28.4908156993039,22.0317192754884,8.90734463735985,17.3194442319121,8.6101092754329,18.1884262205326,"Gm36988"
"ENSMUSG00000102496",2.10832904578301,0.00118352840952763,0.0340721306198763,2.11883949671179,0,5.18014830896434,10.4912948930897,26.7220339120795,15.6699733526823,22.9602914011544,14.1465537270809,"Gm36989"
"ENSMUSG00000102570",-1.92923407648772,0.000477139817547059,0.0254948969855925,23.3072344638297,52.6218282350118,27.6274576478098,17.8352013182525,2.67220339120795,13.1957670338378,11.4801457005772,4.04187249345168,"Gm37968"
"ENSMUSG00000102579",-1.28245791631457,0.00112496347229282,0.0335805422885776,54.0304071661507,207.717743032941,73.3854343769948,83.9303591447176,34.7386440857034,32.1646821449795,42.0938675687831,62.649023648501,"Gm37965"
"ENSMUSG00000102623",-1.95528839953174,0.000714380424699829,0.0290373967999956,34.9608516957446,90.0110219809412,16.4038029783871,25.1791077434153,7.12587570988788,4.1236771980743,11.4801457005772,20.2093624672584,"Gm37673"
"ENSMUSG00000102649",-1.21846170018247,0.00044240428179328,0.0248408122617375,49.7927281727271,153.711129844377,91.51595345837,73.4390642516279,37.4108474769114,27.2162695072904,47.8339404190717,45.4710655513314,"Gm38021"
"ENSMUSG00000102692",1.88416544627387,4.12149227392427e-05,0.00730711438302209,9.53477773520306,5.53913981421177,7.77022246344651,13.6386833610166,32.0664406944954,33.8141530242093,49.7472980358345,20.2093624672584,"Dchs2"
"ENSMUSG00000102697",1.19163749248643,0.000100980020772023,0.011660535030201,229.894085393229,101.089301609365,102.739608127793,92.3233950591894,252.077853237284,432.986105797801,304.223861065296,212.198305906213,"Pcdhac2"
"ENSMUSG00000102748",1.26016109581123,0.00106319654864514,0.0330949576431564,57.2086664112184,8.30870972131765,30.217531802292,34.621273147196,73.9309604900867,95.6693109953237,66.9675165867003,78.8165136223078,"Pcdhgb2"
"ENSMUSG00000102902",-1.64656267624647,0.000372543584682831,0.0223170136462561,24.3666542121856,92.7805918880471,40.5778284202206,63.9968988478472,11.5795480285678,9.07208983576346,22.9602914011544,27.2826393307988,"Gm38263"
"ENSMUSG00000103284",-1.69369552813245,8.33893807160628e-05,0.0102153023553413,30.723172702321,92.7805918880471,44.8946186776909,34.621273147196,11.5795480285678,11.546296154608,17.2202185508658,22.2302987139842,"3110080O07Rik"
"ENSMUSG00000103285",-1.27275732209551,0.00228360454516773,0.0443874052899047,36.0202714441005,173.098119194118,56.9816313986077,94.4216540378073,25.8312994483436,31.3399467053647,45.9205828023088,45.4710655513314,"Gm37274"
"ENSMUSG00000103456",-1.62428796640774,0.000374224346164302,0.022341448040394,21.1883949671179,85.8566671202824,29.3541737507979,55.6038629333754,17.8146892747197,10.7215607149932,19.1335761676287,14.1465537270809,"Gm38097"
"ENSMUSG00000103544",-1.62601860309095,0.000289120517795441,0.0198228255013499,54.0304071661507,186.945968729647,45.757976729185,51.4073449761395,19.5961582021917,22.2678568696012,27.7436854430616,39.4082568111539,"Gm10048"
"ENSMUSG00000103563",-1.72581611502233,0.00060510378729029,0.0275337205518391,40.257950437524,224.335162475577,42.3045445232088,77.6355822088638,19.5961582021917,17.3194442319121,31.5704006765873,47.4920017980572,"8030445P17Rik"
"ENSMUSG00000103621",-1.29946763949571,0.000946749057068636,0.0322363379970778,38.1391109408123,138.478495355294,54.3915572441255,53.5056039547575,22.2683615933996,30.5152112657498,32.5270794849687,29.3035755775247,"Gm38366"
"ENSMUSG00000103693",-1.71873664692645,4.77831164907376e-07,0.000566874880615792,50.852147921083,144.017635169506,90.6525954068759,118.551632291914,24.0498305208716,24.7420631884458,31.5704006765873,42.4396611812426,"Gm37529"
"ENSMUSG00000103867",-1.28453153827856,0.00102718839749097,0.0329601659099846,109.120234080657,450.055109904706,120.870127209168,159.467682374963,94.4178531560144,89.8961629180197,105.234668921958,53.5548105382348,"9630010A21Rik"
"ENSMUSG00000103882",-1.2802522736381,0.00198779609142067,0.0414368135351729,39.1985306891682,160.635054612141,52.6648411411374,74.4881937409369,23.1590960571356,26.3915340676755,44.0072251855459,40.4187249345168,"Gm37452"
"ENSMUSG00000103891",-1.71480707054148,0.000171197264036237,0.0152530679104773,51.9115676694389,306.0374747352,89.7892373553819,88.1268771019535,28.5035028395515,29.690475826135,43.0505463771645,61.6385555251381,"Gm37941"
"ENSMUSG00000103897",1.04226309089644,0.000774573385798241,0.0296863513927846,79.4564811266922,22.1565592568471,54.3915572441255,53.5056039547575,108.66960457579,131.132934898763,106.191347730339,88.921194855937,"Pcdhga8"
"ENSMUSG00000103914",-1.39460969730622,6.44723981875316e-05,0.00863831704570653,81.575320623404,258.9547863144,157.994523423412,103.863819441588,59.679209070311,47.009920058047,40.1805099520202,81.8479179923965,"Gm38073"
"ENSMUSG00000103932",-1.66350607528529,0.000115795931368828,0.0124690195545133,41.3173701858799,177.252474054777,57.8449894501018,61.8986398692292,23.1590960571356,18.1441796715269,28.700364251443,36.3768524410651,"Gm36963"
"ENSMUSG00000103959",-1.55613256775285,0.000701040409472617,0.0290198900607435,29.6637529539651,156.480699751482,69.0686441195245,79.7338411874817,31.1757062307595,13.1957670338378,22.9602914011544,46.4815336746943,"Gm37720"
"ENSMUSG00000104030",-1.33322133950331,0.000494830060961353,0.0258678635893313,119.714431564216,465.287744393788,113.099904745721,173.10636573598,84.6197740549186,66.8035706088036,84.1877351375661,109.130557323195,"5330406M23Rik"
"ENSMUSG00000104044",-1.98437481595097,5.58242896495608e-05,0.00796608074739099,26.4854937088974,70.6240326312,25.0373834933276,20.9825897861794,10.6888135648318,8.2473543961486,7.65343046705147,9.09421311026628,"Gm37566"
"ENSMUSG00000104205",-1.44796665365094,0.00127609878406896,0.0346453343723068,45.5550491793035,153.711129844377,45.757976729185,38.8177911044319,22.2683615933996,19.7936505507566,22.003612592773,39.4082568111539,"Gm37396"
"ENSMUSG00000104277",-1.07571516030678,0.00139435039435212,0.0355240361901145,58.2680861595743,185.561183776094,76.838866582971,107.011207909515,54.3348022878951,42.8862428599727,44.9639039939274,59.6176192784123,"Gm38299"
"ENSMUSG00000104292",-2.256380717001,0.00016235660498694,0.0149198069671768,23.3072344638297,99.7045166558118,17.2671610298811,22.0317192754884,8.01661017362386,4.94841263768916,6.69675165867003,14.1465537270809,"Gm38042"
"ENSMUSG00000104339",-1.45413028856158,0.00195146921086504,0.0408900948377868,31.7825924506769,114.937151144894,35.3976801112563,33.572143657887,30.2849717670235,13.1957670338378,16.2635397424844,18.1884262205326,"C130089K02Rik"
"ENSMUSG00000104343",-1.3889090735984,0.00133313162697551,0.0350697035237585,46.6144689276594,116.321936098447,43.1679025747028,60.8495103799202,27.6127683758155,8.2473543961486,31.5704006765873,34.3559161943393,"5730408A14Rik"
"ENSMUSG00000104346",1.34557204066011,0.000529612739471931,0.0266192812017747,104.882555087234,13.8478495355294,44.0312606261969,48.2599565082126,141.626779734022,149.27711457029,127.238281514731,121.25617480355,"Pcdhga3"
"ENSMUSG00000104388",-2.00684766906034,3.80626194270026e-05,0.00703236943350263,26.4854937088974,70.6240326312,31.080889853786,23.0808487647973,8.01661017362386,11.546296154608,12.4368245089586,5.0523406168146,"Gm37033"
"ENSMUSG00000104396",-2.55468381530283,4.23824478639085e-05,0.00731008093725311,12.7130369802708,66.4696777705412,23.3106673903395,26.2282372327242,9.79807910109583,4.94841263768916,5.7400728502886,1.01046812336292,"Gm37959"
"ENSMUSG00000104515",-1.55857900854087,0.00109411029927798,0.0332246089497009,16.9507159736943,47.0826884208,24.1740254418336,29.3756257006512,8.01661017362386,8.2473543961486,16.2635397424844,7.07327686354044,"Gm37163"
"ENSMUSG00000104556",-1.81175651942545,0.00184142179692317,0.0396086217887199,14.8318764769825,27.6956990710588,17.2671610298811,28.3264962113422,7.12587570988788,4.94841263768916,0.956678808381433,12.125617480355,"Gm43192"
"ENSMUSG00000104576",-2.17345825582672,0.000453678291393019,0.0250969338017429,13.7724567286266,99.7045166558118,12.9503707724108,35.670402636505,13.3610169560398,7.42261895653374,8.6101092754329,6.06280874017752,"F830115B05Rik"
"ENSMUSG00000104625",-1.47903899450692,0.00150746653072225,0.0367486840933847,44.4956294309476,193.869893497412,36.2610381627504,75.5373232302458,35.6293785494394,30.5152112657498,18.1768973592472,40.4187249345168,"Gm42448"
"ENSMUSG00000104696",-2.0427926970842,2.01495996648563e-05,0.00491202462941052,27.5449134572533,76.1631724454118,21.5839512873514,44.0634385509767,12.4702824923038,5.77314807730402,11.4801457005772,11.1151493569921,"Gm42946"
"ENSMUSG00000104851",-1.77247179311747,2.30821756817561e-05,0.00519408137905363,32.8420121990328,88.6262370273883,32.8076059567741,46.1616975295947,13.3610169560398,13.1957670338378,11.4801457005772,20.2093624672584,"E030026E10Rik"
"ENSMUSG00000105201",-1.34491981452224,0.00272859494619144,0.048327243688751,24.3666542121856,94.1653768416,34.5343220597623,51.4073449761395,21.3776271296636,15.6699733526823,30.6137218682059,12.125617480355,"Gm43362"
"ENSMUSG00000105302",-1.09071444688841,0.000159858912952106,0.0147675981059756,93.2289378553189,239.567796964659,128.640349672614,140.583351567402,71.2587570988788,59.3809516522699,62.1841225447932,88.921194855937,"Gm19817"
"ENSMUSG00000105322",-1.77743042012091,7.0259925505592e-05,0.0092991532442796,42.3767899342358,278.341775664141,101.012892024805,83.9303591447176,34.7386440857034,32.1646821449795,51.6606556525974,28.2931074541618,"Gm43751"
"ENSMUSG00000105352",1.86955226147845,0.000532214195559094,0.0266192812017747,9.53477773520306,1.38478495355294,6.90686441195245,14.6878128503256,29.3942373032875,23.9173277488309,49.7472980358345,18.1884262205326,"C030018K13Rik"
"ENSMUSG00000105431",-2.03088090161917,0.000130944568760986,0.0134405793619464,16.9507159736943,128.785000680424,33.6709640082682,45.1125680402857,11.5795480285678,10.7215607149932,19.1335761676287,13.136085603718,"Gm42640"
"ENSMUSG00000105434",-1.36450951167345,0.00210684725502951,0.0426803602092434,31.7825924506769,260.339571267953,78.5655826859591,129.042927185003,52.5533333604231,45.3604491788173,48.7906192274531,46.4815336746943,"Gm43359"
"ENSMUSG00000105454",-1.73771308588116,0.000105861478174202,0.0118349086937172,38.1391109408123,85.8566671202824,28.4908156993039,59.8003808906113,8.90734463735985,14.8452379130675,11.4801457005772,28.2931074541618,"Gm43830"
"ENSMUSG00000105485",-1.76884504001261,0.00041739634528425,0.0238636503336455,31.7825924506769,196.639463404518,34.5343220597623,67.1442873157741,23.1590960571356,17.3194442319121,31.5704006765873,24.2512349607101,"Gm42447"
"ENSMUSG00000105519",-1.72971875832574,0.00134630643562,0.0350697035237585,23.3072344638297,110.782796284235,25.9007415448217,41.9651795723588,10.6888135648318,6.59788351691888,17.2202185508658,26.2721712074359,"E430021H15Rik"
"ENSMUSG00000105543",-1.39100389381995,0.000656177993863288,0.028144434460782,41.3173701858799,95.550161795153,41.4411864717147,34.621273147196,15.1424858835117,30.5152112657498,17.2202185508658,17.1779580971696,"Gm43169"
"ENSMUSG00000105568",-1.05753594103817,0.000135298887973244,0.0138067795448045,195.992653445841,419.589840926541,191.66548743168,268.577149263096,116.686214749414,106.390871710317,110.018062963865,182.894730328689,"Gm42971"
"ENSMUSG00000105572",1.28262868785956,0.00271910153644628,0.048327243688751,16.9507159736943,16.6174194426353,16.4038029783871,5.24564744654485,44.5367231867992,29.690475826135,35.397115910113,24.2512349607101,"Gm43300"
"ENSMUSG00000105655",-1.43487134288171,0.00200207132522851,0.0415862200004862,21.1883949671179,141.2480652624,52.6648411411374,46.1616975295947,21.3776271296636,27.2162695072904,22.9602914011544,24.2512349607101,"Gm42659"
"ENSMUSG00000105703",1.43892178724785,0.000363033261684513,0.0220355179419197,37.0796911924564,18.0022043961882,52.6648411411374,72.3899347623189,123.812090459302,79.9993376426414,73.6642682453704,215.229710276302,"Gm43305"
"ENSMUSG00000105740",-1.77270166712851,0.000542757613227214,0.0269642828120913,18.0101357220502,113.552366191341,49.2114089351612,33.572143657887,10.6888135648318,10.7215607149932,23.9169702095358,17.1779580971696,"Gm42685"
"ENSMUSG00000105748",-1.81224011569452,1.29098471239365e-05,0.0037765606119889,55.0898269145066,112.167581237788,30.217531802292,55.6038629333754,17.8146892747197,11.546296154608,19.1335761676287,23.2407668373472,"Gm43088"
"ENSMUSG00000105791",-1.56851403265586,0.00014929596952842,0.0141675140445732,84.7535798684717,401.587636530353,113.963262797215,174.155495225289,100.652994402166,39.5873011015133,57.400728502886,62.649023648501,"Gm43341"
"ENSMUSG00000105843",-1.05525143633665,3.28414842806042e-11,5.76433732093165e-07,283.92449255938,312.961399502965,260.734131551205,269.626278752405,134.500904024134,146.802908251445,127.238281514731,132.371324160543,"Gm19439"
"ENSMUSG00000105922",-1.2700789568348,0.000220186617363953,0.0176471027761283,138.783987034622,490.213873557741,217.566228976502,207.727638883176,97.0900565472223,79.1746022030265,96.6245596465248,163.695835984793,"Gm42769"
"ENSMUSG00000105939",-1.4917255368159,4.49799875355137e-05,0.00731008093725311,128.189789551063,491.598658511294,176.125042504787,296.903645474438,114.014011358206,60.2056870918848,77.4909834788961,136.413196653994,"Gm43322"
"ENSMUSG00000105942",-1.32076723232989,0.00069461550135462,0.0288907376298017,91.1100983586071,432.052905508518,140.727362393531,166.811588800126,80.1661017362386,55.2572744541956,83.2310563291847,113.172429816647,"Gm43175"
"ENSMUSG00000105974",-1.18391641299991,0.000709753978714558,0.0290373967999956,129.249209299419,393.278926809035,114.826620848709,163.664200332199,105.997401184582,67.6283060484185,75.5776258621332,102.057280459655,"Gm43318"
"ENSMUSG00000105985",-1.2106819565428,0.000835503205207995,0.0307808455347276,78.3970613783363,159.250269658588,69.0686441195245,89.1760065912624,26.7220339120795,39.5873011015133,30.6137218682059,73.7641730054932,"Gm42993"
"ENSMUSG00000106024",-2.18260793685545,3.14577711683564e-05,0.00649584470055283,33.9014319473887,188.3307536832,31.080889853786,46.1616975295947,18.7054237384557,18.1441796715269,15.3068609341029,13.136085603718,"A530083M17Rik"
"ENSMUSG00000106054",-2.68822571965546,4.09780795289258e-05,0.00730711438302209,24.3666542121856,60.9305379563294,19.8572351843633,14.6878128503256,0,5.77314807730402,7.65343046705147,5.0523406168146,"Gm43623"
"ENSMUSG00000106292",-1.90465334510567,9.62625110665961e-07,0.00105599974640056,85.8129996168276,217.411237707812,56.9816313986077,88.1268771019535,29.3942373032875,26.3915340676755,22.9602914011544,40.4187249345168,"Gm43174"
"ENSMUSG00000106369",-1.57731177045836,0.00254577925650553,0.0470352815896685,21.1883949671179,167.558979379906,36.2610381627504,48.2599565082126,14.2517514197758,25.5667986280607,26.7870066346801,24.2512349607101,"Gm43355"
"ENSMUSG00000106404",-1.33265654361133,1.28782728494923e-05,0.0037765606119889,107.001394583946,340.657098574024,166.628103938353,227.661099180046,78.3846328087667,71.7519832464928,80.3610199040404,103.067748583018,"Gm42919"
"ENSMUSG00000106408",-1.09699051488395,0.00144068912691494,0.035883530099016,132.427468544487,480.520378882871,152.814375114448,227.661099180046,111.341807966998,99.792988193398,100.45127488005,151.570218504438,"Gm43321"
"ENSMUSG00000106446",-1.24532021552911,0.000417356012544282,0.0238636503336455,214.002789167891,660.542422844753,177.851758607776,230.808487647973,129.156497241718,98.1435173141683,151.155251724266,161.674899738067,"Gm42970"
"ENSMUSG00000106469",-1.29227003679705,0.00152848642197978,0.0370041292118469,76.2782218816245,372.507152505741,110.509830591239,142.68161054602,71.2587570988788,57.7314807730402,50.703976844216,106.099152953107,"C030015E24Rik"
"ENSMUSG00000106528",-1.58702715595237,1.53397196109999e-05,0.00413061907640551,148.318764769825,523.448712443012,155.40444926893,179.401142671834,83.7290395911826,68.4530414880334,68.8808742034632,113.172429816647,"Gm42841"
"ENSMUSG00000106636",-1.51730515318376,0.000145922281071282,0.0139957807506183,56.1492466628625,148.171990030165,36.2610381627504,71.34080527301,24.0498305208716,27.2162695072904,33.4837582933502,23.2407668373472,"Gm43813"
"ENSMUSG00000106706",-1.64627416150741,0.00134916764231087,0.0350697035237585,23.3072344638297,109.398011330682,38.8511123172325,53.5056039547575,6.23514124615189,13.1957670338378,20.0902549760101,32.3349799476134,"C530043K16Rik"
"ENSMUSG00000106717",-1.38951277937078,0.00118414932106618,0.0340721306198763,36.0202714441005,152.326344890824,41.4411864717147,57.7021219119933,25.8312994483436,23.9173277488309,26.7870066346801,32.3349799476134,"Gm42798"
"ENSMUSG00000106751",-2.79526797751526,2.26334753620556e-05,0.00519408137905363,10.594197483559,90.0110219809412,17.2671610298811,41.9651795723588,4.45367231867992,5.77314807730402,10.5234668921958,2.02093624672584,"Gm42467"
"ENSMUSG00000106840",-1.90187969344309,0.00170944549762297,0.038615427766124,14.8318764769825,47.0826884208,11.2236546694227,19.9334602968704,2.67220339120795,9.89682527537832,4.78339404190717,7.07327686354044,"Gm42790"
"ENSMUSG00000107021",-1.2949737644912,4.45805955640174e-05,0.00731008093725311,304.053467778142,758.862154547012,218.429587027996,310.542328835455,165.676610254893,131.132934898763,161.678718616462,188.957539068866,"Gm42853"
"ENSMUSG00000107091",-1.78229739125181,7.1698934369308e-06,0.00273578194793499,60.3869256562861,195.254678450965,72.5220763255007,67.1442873157741,20.4868926659276,23.0925923092161,31.5704006765873,39.4082568111539,"Gm43343"
"ENSMUSG00000107106",-2.16153132167674,0.000825152418819554,0.0305570205978141,16.9507159736943,80.3175273060706,19.8572351843633,25.1791077434153,2.67220339120795,5.77314807730402,19.1335761676287,4.04187249345168,"Gm43760"
"ENSMUSG00000107136",-1.34408329839851,0.00242332429670867,0.0458188507932222,39.1985306891682,102.474086562918,23.3106673903395,57.7021219119933,21.3776271296636,24.7420631884458,12.4368245089586,28.2931074541618,"Gm42466"
"ENSMUSG00000107362",-1.42341056515759,0.000177083933289274,0.0155408859854667,65.6840243980656,177.252474054777,64.7518538620542,76.5864527195548,23.1590960571356,29.690475826135,35.397115910113,54.5652786615977,"Gm40309"
"ENSMUSG00000107414",-2.04220150146273,0.000606653082315347,0.0275337205518391,48.7333084243712,119.091506005553,12.9503707724108,28.3264962113422,12.4702824923038,14.8452379130675,3.82671523352573,19.1988943438955,"6330419E04Rik"
"ENSMUSG00000107571",-1.17601680180909,0.0028448291690299,0.0493674762955554,34.9608516957446,84.4718821667294,34.5343220597623,82.8812296554086,22.2683615933996,17.3194442319121,29.6570430598244,35.3663843177022,"Gm43877"
"ENSMUSG00000107624",-1.47419667354813,0.000360750893546176,0.0220355179419197,68.8622836431332,253.415646500188,60.4350636045839,86.0286181233355,40.0830508681193,32.9894175845944,38.2671523352573,56.5862149083235,"Gm44005"
"ENSMUSG00000107729",-1.93148892471544,0.00100086236877769,0.0327745080163917,13.7724567286266,92.7805918880471,16.4038029783871,36.7195321258139,13.3610169560398,14.0205024734526,6.69675165867003,7.07327686354044,"B230112I24Rik"
"ENSMUSG00000107810",1.83306684563559,4.44880106933044e-06,0.00216903767691355,30.723172702321,13.8478495355294,25.0373834933276,11.5404243823987,65.9143503164629,119.586638744155,60.2707649280303,45.4710655513314,"Gm18609"
"ENSMUSG00000107826",-1.20192997438604,0.00133670399202448,0.0350697035237585,96.4071971003865,300.498334920988,170.081536144329,163.664200332199,53.4440678241591,61.0304225314996,53.5740132693603,149.549282257712,"Gm44242"
"ENSMUSG00000107840",-1.51524967980076,5.39047075997559e-05,0.00788446189825763,131.368048796131,479.135593929318,134.683856033073,153.17290543911,81.0568361999746,64.3293642899591,67.9241953950818,100.036344212929,"Gm44241"
"ENSMUSG00000107905",-1.71389090085947,0.0013053818062432,0.0348526617545192,28.6043332056092,198.024248358071,35.3976801112563,76.5864527195548,32.0664406944954,9.89682527537832,31.5704006765873,29.3035755775247,"Gm44230"
"ENSMUSG00000108042",-1.60110493257263,0.000892098465927319,0.0314218317660177,25.4260739605415,74.7783874918589,25.9007415448217,25.1791077434153,12.4702824923038,7.42261895653374,11.4801457005772,18.1884262205326,"B130021K23Rik"
"ENSMUSG00000108123",-2.01574799232166,0.000558817226178447,0.0270359456401487,18.0101357220502,58.1609680492236,18.9938771328692,18.8843308075615,10.6888135648318,2.47420631884458,4.78339404190717,10.1046812336292,"Gm43884"
"ENSMUSG00000108171",-1.49385454886148,0.00182165406338003,0.0396086217887199,49.7927281727271,128.785000680424,24.1740254418336,36.7195321258139,29.3942373032875,18.1441796715269,13.3935033173401,23.2407668373472,"Gm43915"
"ENSMUSG00000108219",-2.82599207176498,5.22137565382122e-06,0.00241172593357553,16.9507159736943,94.1653768416,21.5839512873514,31.4738846792691,10.6888135648318,3.29894175845944,2.8700364251443,6.06280874017752,"Gm44101"
"ENSMUSG00000108267",-1.88541812932019,2.21285922234185e-05,0.00517868067607254,29.6637529539651,27.6956990710588,35.3976801112563,30.4247551899601,5.34440678241591,14.0205024734526,7.65343046705147,6.06280874017752,"Gm44190"
"ENSMUSG00000108322",-1.34204057673648,0.000848773574703783,0.0308440450997946,50.852147921083,58.1609680492236,23.3106673903395,32.5230141685781,16.0332203472477,12.3710315942229,22.003612592773,14.1465537270809,"5430431A17Rik"
"ENSMUSG00000108455",-1.83606638054913,0.000317906762706896,0.021056224524647,52.9709874177948,119.091506005553,18.1305190813752,44.0634385509767,20.4868926659276,9.07208983576346,11.4801457005772,24.2512349607101,"Gm44745"
"ENSMUSG00000108521",-1.86665846452945,0.000287127050572824,0.0198228255013499,30.723172702321,113.552366191341,19.8572351843633,37.7686616151229,13.3610169560398,9.07208983576346,14.3501821257215,18.1884262205326,"Gm44639"
"ENSMUSG00000108693",-2.31878155438851,3.21673175709328e-06,0.00176437736876567,33.9014319473887,77.5479573989647,23.3106673903395,31.4738846792691,6.23514124615189,8.2473543961486,13.3935033173401,5.0523406168146,"Gm45153"
"ENSMUSG00000108704",-1.85923281075836,0.000196652018307593,0.0163584655229141,23.3072344638297,56.7761830956706,28.4908156993039,15.7369423396345,9.79807910109583,8.2473543961486,5.7400728502886,10.1046812336292,"Gm44636"
"ENSMUSG00000108920",-1.30868553864294,7.82175967297794e-05,0.00987680041583517,206.5868509294,668.851132566071,252.100551036264,278.019314666877,146.971186516437,94.019840116094,139.675106023689,185.926134698777,"Gm44678"
"ENSMUSG00000108984",-1.72231307615625,0.00263781445790041,0.0477684957924673,27.5449134572533,69.2392476776471,27.6274576478098,26.2282372327242,12.4702824923038,0.82473543961486,16.2635397424844,16.1674899738067,"Gm44916"
"ENSMUSG00000109094",-1.47926927322714,0.00106211977960646,0.0330949576431564,36.0202714441005,123.245860866212,49.2114089351612,40.9160500830498,24.0498305208716,12.3710315942229,36.3537947184945,16.1674899738067,"Gm44587"
"ENSMUSG00000109095",-1.46412241342492,0.00265768721601351,0.0478929425210156,328.420121990328,1328.00877045727,415.275222768641,521.417356186558,236.044632890036,159.998675285283,273.61013919709,269.7949889379,"Gm44799"
"ENSMUSG00000109162",-1.55186237787177,6.25250562822282e-06,0.00243875508414593,173.744838730367,495.753013371953,127.77699162112,258.085854370007,99.7622599384303,70.9272478068779,83.2310563291847,105.088684829744,"2900027M19Rik"
"ENSMUSG00000109257",-2.33180591184241,0.00128276162126505,0.0346453343723068,3.17825924506769,67.8544627240941,21.5839512873514,31.4738846792691,13.3610169560398,4.1236771980743,3.82671523352573,3.03140437008876,"Gm45200"
"ENSMUSG00000109353",-1.68567122840966,1.94979536253864e-06,0.00137575337492427,117.595592067504,473.596454115106,172.671610298811,216.120674797648,71.2587570988788,61.8551579711145,68.8808742034632,102.057280459655,"Gm45183"
"ENSMUSG00000109385",-1.90941893481774,0.000521631797293073,0.0266153526339768,11.6536172319149,45.6979034672471,22.4473093388455,25.1791077434153,2.67220339120795,7.42261895653374,8.6101092754329,9.09421311026628,"Gm44518"
"ENSMUSG00000109387",-1.31727858094748,9.40786985484438e-06,0.00311560248475903,75.2188021332686,177.252474054777,88.0625212523937,97.5690425057342,45.4274576505352,37.9378302222836,44.9639039939274,46.4815336746943,"Gm45182"
"ENSMUSG00000109416",-1.33990892458128,0.000743152708200447,0.0294308571270324,59.3275059079302,173.098119194118,52.6648411411374,55.6038629333754,34.7386440857034,37.9378302222836,37.3104735268759,23.2407668373472,"Gm44863"
"ENSMUSG00000109574",-1.86393404366053,0.00122945737555559,0.0342530727869074,23.3072344638297,126.015430773318,17.2671610298811,37.7686616151229,6.23514124615189,13.1957670338378,19.1335761676287,17.1779580971696,"B230206I08Rik"
"ENSMUSG00000109648",-1.53588155940411,0.000560681643859054,0.0270359456401487,29.6637529539651,166.174194426353,49.2114089351612,90.2251360805714,25.8312994483436,29.690475826135,21.0469337843915,38.397788687791,"Svet1"
"ENSMUSG00000109693",-1.92441996568696,2.11675705615373e-05,0.00502071889859597,27.5449134572533,76.1631724454118,24.1740254418336,41.9651795723588,8.90734463735985,9.89682527537832,12.4368245089586,13.136085603718,"Gm45483"
"ENSMUSG00000109751",-1.75948702274326,0.000758213987347156,0.0295081416982645,20.128975218762,162.019839565694,41.4411864717147,49.3090859975216,18.7054237384557,20.6183859903715,12.4368245089586,28.2931074541618,"Gm45479"
"ENSMUSG00000109754",-1.9696907262793,0.00236573370786884,0.0450850793056611,19.0695554704061,63.7001078634353,11.2236546694227,56.6529924226844,4.45367231867992,2.47420631884458,10.5234668921958,21.2198305906213,"Gm39214"
"ENSMUSG00000109787",-1.99240672544596,0.000451102984154022,0.0250969338017429,11.6536172319149,60.9305379563294,21.5839512873514,27.2773667220332,12.4702824923038,4.94841263768916,7.65343046705147,5.0523406168146,"Gm45286"
"ENSMUSG00000109807",-1.88118061142244,0.000346677110813168,0.0216883545029956,14.8318764769825,63.7001078634353,27.6274576478098,52.4564744654485,15.1424858835117,4.1236771980743,8.6101092754329,15.1570218504438,"Gm45244"
"ENSMUSG00000110132",-1.96201101717732,0.00292576151422054,0.0499491674733708,9.53477773520306,81.7023122596236,14.677086875399,29.3756257006512,10.6888135648318,5.77314807730402,2.8700364251443,15.1570218504438,"Gm45394"
"ENSMUSG00000110373",-1.16597140407631,0.00133379462606649,0.0350697035237585,125.011530305996,473.596454115106,165.764745886859,195.138085011468,119.358418140622,71.7519832464928,87.0577715627104,148.538814134349,"Gm42303"
"ENSMUSG00000111143",-1.43850044371743,0.0022609070792434,0.0441958767119207,49.7927281727271,116.321936098447,21.5839512873514,57.7021219119933,34.7386440857034,19.7936505507566,23.9169702095358,11.1151493569921,"Gm47134"
"ENSMUSG00000111254",-1.21897660003781,0.00141877829424098,0.0358392846969712,49.7927281727271,155.095914797929,63.0251377590661,98.6181719950432,43.6459887230632,19.7936505507566,42.0938675687831,51.5338742915089,"Gm48717"
"ENSMUSG00000112067",-1.69903942490585,2.29036258570799e-05,0.00519408137905363,38.1391109408123,135.708925448188,51.8014830896434,59.8003808906113,16.0332203472477,23.0925923092161,24.8736490179173,23.2407668373472,"Gm48015"
"ENSMUSG00000112090",-1.81025088161526,0.000453268775508433,0.0250969338017429,19.0695554704061,84.4718821667294,35.3976801112563,26.2282372327242,7.12587570988788,7.42261895653374,16.2635397424844,16.1674899738067,"Gm48231"
"ENSMUSG00000112195",-2.14990667762204,0.000923343256179448,0.0319443566225112,14.8318764769825,70.6240326312,17.2671610298811,16.7860718289435,6.23514124615189,4.94841263768916,13.3935033173401,2.02093624672584,"Gm35405"
"ENSMUSG00000112448",-1.62736164283232,0.000565151977508467,0.0271539972615699,62.5057651529979,188.3307536832,38.8511123172325,94.4216540378073,34.7386440857034,9.89682527537832,43.0505463771645,36.3768524410651,"Gm48182"
"ENSMUSG00000112639",-1.23569682895648,0.000364099541638464,0.0220355179419197,61.446345404642,153.711129844377,72.5220763255007,51.4073449761395,35.6293785494394,35.463623903439,35.397115910113,36.3768524410651,"A730063M14Rik"
"ENSMUSG00000112838",-2.12264669739623,0.000265146852448176,0.0193106122579684,24.3666542121856,108.013226377129,28.4908156993039,19.9334602968704,8.90734463735985,4.1236771980743,17.2202185508658,11.1151493569921,"Gm47098"
"ENSMUSG00000112947",-1.30729656411777,0.000793558784148971,0.0299273226602913,99.5854563454542,209.102527986494,46.621334780679,86.0286181233355,46.3181921142712,30.5152112657498,42.0938675687831,58.6071511550494,"Gm47493"
"ENSMUSG00000113055",-1.20514831087696,0.000460172728280194,0.0252270449958212,112.298493325725,246.491721732424,110.509830591239,121.69902075984,55.2255367516311,49.4841263768916,42.0938675687831,109.130557323195,"Gm48700"
"ENSMUSG00000113183",-1.59474573825203,0.000260426060279549,0.0192939229799973,31.7825924506769,127.400215726871,38.8511123172325,48.2599565082126,16.0332203472477,20.6183859903715,23.9169702095358,20.2093624672584,"Gm47664"
"ENSMUSG00000113184",1.21817948739788,0.000282224694037661,0.0196537111121762,135.605727789555,48.467473374353,58.7083475015958,58.7512514013023,164.785875791157,225.977510454472,209.512659035534,102.057280459655,"Gm49654"
"ENSMUSG00000113250",-1.55151716273408,4.80715661843535e-05,0.0074668330059095,34.9608516957446,65.0848928169883,47.4846928321731,50.3582154868306,21.3776271296636,13.1957670338378,8.6101092754329,24.2512349607101,"Gm48585"
"ENSMUSG00000113459",-1.68223468393965,0.000265043855163009,0.0193106122579684,27.5449134572533,55.3913981421177,22.4473093388455,25.1791077434153,13.3610169560398,9.89682527537832,5.7400728502886,11.1151493569921,"Gm30655"
"ENSMUSG00000113680",-1.36864889478729,0.00134294350767286,0.0350697035237585,31.7825924506769,103.858871516471,29.3541737507979,71.34080527301,20.4868926659276,18.1441796715269,21.0469337843915,31.3245118242505,"Gm47405"
"ENSMUSG00000113927",-1.42295014489046,0.000707888164397868,0.0290373967999956,22.2478147154738,49.8522583279059,36.2610381627504,46.1616975295947,22.2683615933996,11.546296154608,15.3068609341029,8.08374498690336,"5330409N07Rik"
"ENSMUSG00000113960",-1.75619156646471,1.26263590400911e-06,0.00112216238351946,82.6347403717599,252.030861546635,84.6090890464175,102.814689952279,48.0996610417432,35.463623903439,30.6137218682059,39.4082568111539,"4933412O06Rik"
"ENSMUSG00000114048",-1.96011678140028,0.00092997935846213,0.0319443566225112,8.47535798684717,67.8544627240941,33.6709640082682,33.572143657887,14.2517514197758,4.94841263768916,13.3935033173401,4.04187249345168,"4930549C15Rik"
"ENSMUSG00000114080",-1.86412842435136,0.00157477303542735,0.0375678697433373,12.7130369802708,126.015430773318,28.4908156993039,29.3756257006512,7.12587570988788,14.0205024734526,16.2635397424844,16.1674899738067,"Gm47661"
"ENSMUSG00000114148",2.15188013645614,0.00015058797186625,0.0141675140445732,6.35651849013538,4.15435486065883,4.31679025747028,4.19651795723588,17.8146892747197,30.5152112657498,23.9169702095358,12.125617480355,"Gm47701"
"ENSMUSG00000114246",-2.24499622625596,2.01887345135303e-06,0.00137575337492427,28.6043332056092,47.0826884208,25.9007415448217,31.4738846792691,3.56293785494394,4.94841263768916,8.6101092754329,11.1151493569921,"Gm48603"
"ENSMUSG00000114282",-1.02173484388417,0.00194480485175773,0.0408673627305772,123.95211055764,364.198442784424,157.131165371918,137.435963099475,95.3085876197504,71.7519832464928,87.0577715627104,130.350387913817,"5330431K02Rik"
"ENSMUSG00000114284",-1.39271998005795,0.0012932304994675,0.0347520886923724,38.1391109408123,85.8566671202824,25.0373834933276,46.1616975295947,12.4702824923038,13.1957670338378,21.0469337843915,27.2826393307988,"9630015K15Rik"
"ENSMUSG00000114626",-1.94691020095146,0.00142732637896117,0.035883530099016,20.128975218762,38.7739786994824,11.2236546694227,12.5895538717076,1.78146892747197,6.59788351691888,5.7400728502886,7.07327686354044,"Gm48266"
"ENSMUSG00000114896",-1.70154900792019,0.000879302052513019,0.0311159468260252,46.6144689276594,123.245860866212,23.3106673903395,22.0317192754884,15.1424858835117,19.7936505507566,16.2635397424844,14.1465537270809,"Gm34245"
"ENSMUSG00000114988",-1.99598209272547,0.00036119418545719,0.0220355179419197,23.3072344638297,87.2414520738353,29.3541737507979,30.4247551899601,14.2517514197758,9.07208983576346,1.91335761676287,17.1779580971696,"Gm49226"
"ENSMUSG00000115049",-1.26303340093876,0.000359214279031758,0.0220355179419197,126.070950054352,393.278926809035,143.317436548013,151.074646460492,97.9807910109583,48.6593909372767,97.5812384549062,93.9735354727516,"Gm49172"
"ENSMUSG00000115087",-1.78808226729532,0.000609855778351892,0.0275337205518391,29.6637529539651,181.406828915435,35.3976801112563,59.8003808906113,16.9239548109837,11.546296154608,30.6137218682059,29.3035755775247,"Gm48998"
"ENSMUSG00000115138",-1.10974945465871,0.00183818425759595,0.0396086217887199,52.9709874177948,87.2414520738353,56.1182733471137,55.6038629333754,24.9405649846076,42.0615074203578,35.397115910113,13.136085603718,"Gm36899"
"ENSMUSG00000115276",-1.65816205328888,3.20338156689718e-05,0.00653787828629992,64.6246046497097,335.117958759812,99.2861759218165,131.141186163621,46.3181921142712,51.1335972561213,49.7472980358345,51.5338742915089,"9930017N22Rik"
"ENSMUSG00000115505",-1.63129194399424,4.38522816224717e-05,0.00731008093725311,111.239073577369,304.652689781647,75.975508531477,132.19031565293,43.6459887230632,28.0410049469052,51.6606556525974,77.8060454989449,"Gm9247"
"ENSMUSG00000115624",1.93463511682453,0.000272829189310843,0.0194622291045441,6.35651849013538,4.15435486065883,14.677086875399,3.14738846792691,22.2683615933996,37.9378302222836,31.5704006765873,20.2093624672584,"Gm49204"
"ENSMUSG00000115975",-2.01382830296098,0.000248934350981658,0.0189147001230739,12.7130369802708,58.1609680492236,23.3106673903395,30.4247551899601,9.79807910109583,3.29894175845944,10.5234668921958,7.07327686354044,"Gm49526"
"ENSMUSG00000115976",-1.63702046261243,0.000283294719198985,0.0196537111121762,31.7825924506769,52.6218282350118,16.4038029783871,32.5230141685781,8.90734463735985,9.89682527537832,10.5234668921958,13.136085603718,"Gm31462"
"ENSMUSG00000116004",-1.78474716890293,0.000473024352712675,0.0254948969855925,19.0695554704061,166.174194426353,45.757976729185,68.193416805083,19.5961582021917,14.0205024734526,30.6137218682059,22.2302987139842,"Gm49539"
"ENSMUSG00000116366",-1.63040541554005,0.00153676110079963,0.0370523048897125,13.7724567286266,27.6956990710588,13.8137288239049,30.4247551899601,6.23514124615189,7.42261895653374,6.69675165867003,7.07327686354044,"Gm49475"
"ENSMUSG00000116835",-1.81766273207433,3.39555890159748e-05,0.00674482615575572,73.0999626365568,311.576614549412,55.2549152956196,113.305984845369,39.1923164043833,29.690475826135,44.9639039939274,42.4396611812426,"Gm49594"
"ENSMUSG00000117183",1.4673821719512,0.00158860459841698,0.0376742551680812,29.6637529539651,1.38478495355294,44.0312606261969,26.2282372327242,69.4772881714068,80.8240730822563,76.5343046705147,58.6071511550494,"Gm20008"
"ENSMUSG00000117912",-1.57835295967268,0.00264221763046878,0.0477684957924673,25.4260739605415,186.945968729647,30.217531802292,50.3582154868306,19.5961582021917,25.5667986280607,24.8736490179173,27.2826393307988,"Gm50383"
"ENSMUSG00000117943",-1.87897745953286,0.00134870938830455,0.0350697035237585,132.427468544487,652.233713123436,135.547214084567,229.759358158664,91.7456497648064,50.3088618165065,80.3610199040404,89.9316629792999,"Gm50403"
"ENSMUSG00000120081",1.41622363781059,0.00182168945785373,0.0396086217887199,27.5449134572533,23.5413442104,14.677086875399,13.6386833610166,57.897740142839,70.9272478068779,66.0108377783189,15.1570218504438,"Gm57354"
"ENSMUSG00000120262",-1.64847751094099,0.00144064147940485,0.035883530099016,20.128975218762,38.7739786994824,13.8137288239049,19.9334602968704,8.90734463735985,7.42261895653374,8.6101092754329,4.04187249345168,"9530077C14Rik"
"ENSMUSG00000120382",-1.69940748444752,4.3556414349203e-09,1.52900436931442e-05,59.3275059079302,73.3936025383059,76.838866582971,69.242546294392,22.2683615933996,21.4431214299864,25.8303278262987,16.1674899738067,"4930558N01Rik"
"ENSMUSG00000120522",-1.43990630236885,1.204636272576e-05,0.00370943436074631,171.625999233655,390.50935690193,211.522722616044,280.117573645495,126.48429385051,99.792988193398,121.498208664442,39.4082568111539,"Gm54109"
"ENSMUSG00000120695",-1.43761533508057,0.000365333621302338,0.0220355179419197,30.723172702321,90.0110219809412,36.2610381627504,60.8495103799202,26.7220339120795,22.2678568696012,16.2635397424844,14.1465537270809,"BB187676"
"ENSMUSG00000121001",1.03918398557446,0.00243373612675076,0.0458295644171418,38.1391109408123,42.9283335601412,37.9877542657385,19.9334602968704,57.897740142839,94.8445755557089,88.9711291794733,42.4396611812426,"Gm57461"
"ENSMUSG00000121184",-1.06583063690675,0.00161537557523277,0.037951528798019,143.021666028046,451.439894858259,142.454078496519,180.450272161143,129.156497241718,99.792988193398,120.541529856061,86.9002586092111,"Gm57395"
"ENSMUSG00000121201",-2.04818882945992,5.52791187914221e-06,0.00243875508414593,47.6738886760153,130.169785633977,45.757976729185,49.3090859975216,26.7220339120795,8.2473543961486,11.4801457005772,19.1988943438955,"Gm57239"
"ENSMUSG00000121444",-1.08505503654259,0.000362520193202191,0.0220355179419197,72.0405428882009,148.171990030165,71.6587182740067,81.8321001660997,42.7552542593273,56.0820098938105,41.1371887604016,34.3559161943393,"ENSMUSG00000121444"
"ENSMUSG00000121483",-1.54079970061855,0.000732688198425387,0.0292262822889235,31.7825924506769,62.3153229098824,30.217531802292,26.2282372327242,19.5961582021917,16.4947087922972,7.65343046705147,7.07327686354044,"Gm20257"
"ENSMUSG00000121596",1.6494000042594,0.000104461192652121,0.0118290506672905,28.6043332056092,1.38478495355294,25.0373834933276,28.3264962113422,62.3514124615189,68.4530414880334,61.2274437364117,74.7746411288561,"ENSMUSG00000121596"
"ENSMUSG00000121697",-1.98887423298238,0.0011799402589353,0.0340721306198763,11.6536172319149,74.7783874918589,20.7205932358574,13.6386833610166,7.12587570988788,9.07208983576346,7.65343046705147,6.06280874017752,"ENSMUSG00000121697"
"ENSMUSG00000121706",-1.51016982753787,0.00152621149011029,0.0370000885005742,26.4854937088974,98.3197317022589,24.1740254418336,36.7195321258139,10.6888135648318,16.4947087922972,19.1335761676287,18.1884262205326,"ENSMUSG00000121706"
