"","baseMean","log2FoldChange","lfcSE","stat","pvalue","padj"
"ENSMUSG00000000295",213.581792452147,1.00487418644057,0.289509879700443,3.47094954921855,0.000518621429074187,0.0143965725183078
"ENSMUSG00000000402",34.008397859406,-1.14001638836468,0.352519712920658,-3.2339081945788,0.00122108700469056,0.0225716082685225
"ENSMUSG00000000682",22.1396073634587,1.23724618264138,0.45461360475607,2.72153356102321,0.00649797866747516,0.0499317563685984
"ENSMUSG00000001023",112.263892887491,1.26087952936447,0.314235135469288,4.01253515932084,6.00701285647403e-05,0.00537171620882599
"ENSMUSG00000001741",104.195536238997,-1.07268468516039,0.320712766902495,-3.34468969078026,0.000823746777306738,0.0182485018889742
"ENSMUSG00000001948",70.2618991095984,1.00712160177992,0.33736895049239,2.98522315201213,0.00283371516711449,0.0321679730843835
"ENSMUSG00000002831",152.138145654953,1.21464246092051,0.273589094565608,4.43965963939119,9.01012593127355e-06,0.00210812261515277
"ENSMUSG00000003190",36.1089986820135,1.03154079243943,0.366937207705858,2.81121884283352,0.00493542042669726,0.0431710338181057
"ENSMUSG00000005580",388.492681628038,-1.42285410033431,0.291805019334833,-4.87604395420508,1.08234501390129e-06,0.000543719201100999
"ENSMUSG00000006764",49.0823333826727,-1.95728171025887,0.530151488555226,-3.6919291042507,0.000222559510812248,0.0099904322672332
"ENSMUSG00000007440",22.3220327982706,-1.20936788051019,0.439525614334674,-2.75152992469132,0.00593176000113844,0.0474096681419956
"ENSMUSG00000007653",457.273906070047,-2.26437085803892,0.595414884440125,-3.80301352420529,0.000142946548698757,0.00817773495259936
"ENSMUSG00000014294",1138.65340629569,1.12449612120628,0.2758435071321,4.07657273828005,4.57043627175344e-05,0.00470259346515354
"ENSMUSG00000014498",710.855611134823,-1.21013534224299,0.304566161016975,-3.97330858491381,7.08811232132467e-05,0.00580683799812157
"ENSMUSG00000015127",207.433937139996,-1.00519005203837,0.322946191513362,-3.1125620256673,0.00185471035704317,0.0267449650640075
"ENSMUSG00000015659",205.869835667255,-1.07026199725472,0.288864236832896,-3.70506923594647,0.000211332998861867,0.00979258221691274
"ENSMUSG00000016150",294.465296321901,-1.15054876551149,0.229414971303232,-5.01514246858257,5.29941829713508e-07,0.00033523727598173
"ENSMUSG00000016239",43.5935267893018,-1.57538457929016,0.419718490231137,-3.75343144502068,0.000174430252199901,0.00903612140432335
"ENSMUSG00000016942",24.0056627706095,1.42262968457506,0.414775550990857,3.42987835511649,0.000603851899782416,0.0155488729354615
"ENSMUSG00000018126",113.838630095241,1.02812928211954,0.253385711762858,4.05756613096542,4.95867786236895e-05,0.00498201281701539
"ENSMUSG00000018698",30.6630105732149,-1.80273472207759,0.547564244546507,-3.29227983753873,0.000993786735181225,0.0203364195409247
"ENSMUSG00000019787",69.2770084577588,1.34797708301391,0.329744771474771,4.08794073363205,4.35219298986328e-05,0.00458860841153486
"ENSMUSG00000019892",51.7693021692598,1.10862147674169,0.393291376529154,2.81882986229044,0.00481990585173331,0.0427065412703444
"ENSMUSG00000020044",569.768781694336,-1.21747487464514,0.232146635883298,-5.24442178544931,1.56773191846917e-07,0.000148760339819186
"ENSMUSG00000020163",2067.77348100167,1.03245596756784,0.280573468840047,3.67980611936063,0.000233411345882164,0.010134550947133
"ENSMUSG00000020219",1806.92888860118,1.03447904028147,0.265985047712346,3.88923756872314,0.000100559643385396,0.00695367898389699
"ENSMUSG00000020562",38.8727042560342,1.5340356602726,0.404719309639214,3.79036933434215,0.000150423448138254,0.0083618284145615
"ENSMUSG00000020686",71.2682472042353,1.0618911182681,0.379611057706642,2.79731345204573,0.00515295145602287,0.0441387503915717
"ENSMUSG00000020703",70.8633794084798,1.00051353437083,0.366354249452606,2.73100021595427,0.00631424302685016,0.0491779621060651
"ENSMUSG00000020912",204.258090521878,1.01030284716895,0.227088827501832,4.44893242121654,8.62981612244893e-06,0.00207601773762574
"ENSMUSG00000020928",33.8604021805281,1.07023465885174,0.369569870840234,2.8958926127244,0.00378081756026166,0.0372677419734625
"ENSMUSG00000021256",233.34634077651,-1.2701375389634,0.257981360062041,-4.92336941962764,8.50666474373996e-07,0.000454043230697121
"ENSMUSG00000021611",21.7601502276121,-1.53129310040951,0.4491042381705,-3.40966076527687,0.000650437298027692,0.016147714847839
"ENSMUSG00000021823",166.644790523912,-1.09245560016224,0.344898126754003,-3.16747327810635,0.00153769841150698,0.0244509944985438
"ENSMUSG00000022602",3423.82182558472,-1.02279005143388,0.21400407453633,-4.7793017663327,1.75905010472979e-06,0.000749011340695763
"ENSMUSG00000022762",411.772310226849,-1.28145195467313,0.253674469069758,-5.05156060589108,4.38214845220519e-07,0.000299388382254658
"ENSMUSG00000022801",132.86822929935,-1.50465125438997,0.321321298809421,-4.68270002631352,2.83120687608656e-06,0.000929942566222278
"ENSMUSG00000022829",171.256700254538,-1.326474139924,0.225834766470046,-5.87364895431165,4.26305626595255e-09,1.21355001704116e-05
"ENSMUSG00000024871",734.458744759042,1.21989434684677,0.282052071660271,4.3250678488762,1.52484922228805e-05,0.00257865591254257
"ENSMUSG00000025262",271.899019565108,-1.71101847877496,0.553574871974923,-3.09085286452899,0.0019958250528316,0.0277821449897015
"ENSMUSG00000025498",32.6312077230546,1.03977547054712,0.380582366532613,2.73206423098434,0.0062938869475572,0.0490891863800563
"ENSMUSG00000025789",54.6496725989585,-1.15725737234634,0.291414283527763,-3.97117587489868,7.15187552156746e-05,0.00580683799812157
"ENSMUSG00000025870",199.362135615073,-1.32063385564131,0.324677470470568,-4.06752539289919,4.75150322031641e-05,0.00483069494065502
"ENSMUSG00000026220",43.8751997897267,-1.35301638715192,0.416491679045639,-3.2486036461815,0.00115972949821102,0.022112721979761
"ENSMUSG00000026544",145.377492194973,1.00865015140202,0.263586824379192,3.82663342061055,0.000129907751575468,0.00778534876108416
"ENSMUSG00000026630",27.1244958985378,1.15584152997263,0.416499314806332,2.77513428926067,0.00551789185269734,0.0455733040832063
"ENSMUSG00000027160",552.2283188416,1.20424177919107,0.298331065085625,4.03659531348316,5.4232498538433e-05,0.0051460615279802
"ENSMUSG00000028069",780.920514162212,1.05389320601501,0.250584632764189,4.20573757612172,2.60232055795645e-05,0.00337798731941142
"ENSMUSG00000028246",216.143239829691,-1.70293759237005,0.310986582734549,-5.47591982070697,4.35244745223556e-08,8.25997805379816e-05
"ENSMUSG00000028369",36.3454523978189,-1.44409363858575,0.380986964348818,-3.7904017032551,0.000150403845753662,0.0083618284145615
"ENSMUSG00000028971",150.237337970065,1.35353499411397,0.351008705049747,3.85612941970239,0.000115196515695775,0.00731433638692879
"ENSMUSG00000029546",35.6281116744236,-1.61288112133809,0.526598462353422,-3.06282915094352,0.00219255200294817,0.0289493447996141
"ENSMUSG00000030157",43.1014639185229,1.54461044022101,0.412242462862745,3.74684943781564,0.000179069492328412,0.00918470549240024
"ENSMUSG00000030413",98.0841849080376,1.21586423131753,0.296472399949532,4.1011042900604,4.11183179585764e-05,0.00450192865854157
"ENSMUSG00000030525",68.5813372361225,-1.51455441621488,0.312717072978243,-4.84320987591315,1.27758215366054e-06,0.000606141755125611
"ENSMUSG00000030549",36.6692797197412,1.27692584007762,0.345648188244891,3.69429345648103,0.000220499037969589,0.00998280926698561
"ENSMUSG00000030711",227.045574227555,1.01516299361279,0.260031563418272,3.90399911559911,9.46161262860125e-05,0.00679875103672426
"ENSMUSG00000031010",846.22438228998,-1.29298051513635,0.249419784921196,-5.18395329201679,2.17231357334925e-07,0.000188819583558884
"ENSMUSG00000031103",19.9896023411414,-1.72560953045929,0.434612547941195,-3.97045492274368,7.17355279627431e-05,0.00580683799812157
"ENSMUSG00000031189",37.8389929874763,-3.45212617987579,0.443789866035156,-7.77874044470029,7.3250172916553e-15,1.25111295341472e-10
"ENSMUSG00000031210",69.8148318494725,-1.56381271840228,0.388198067832602,-4.02838872211138,5.61604315898198e-05,0.0052131531062724
"ENSMUSG00000031433",38.9776583710641,-1.69159984355872,0.447865684868584,-3.77702489989847,0.000158712869712427,0.00850675473441046
"ENSMUSG00000031530",183.90254891665,-1.13332191465217,0.25731801572041,-4.40436287167543,1.06095225829224e-05,0.00228885057851974
"ENSMUSG00000031780",24.2289045698911,1.19295549412278,0.436805022266138,2.73109381374268,0.00631244999760327,0.0491779621060651
"ENSMUSG00000031789",17.605374015838,-1.63310806748631,0.440277537127636,-3.70926956242348,0.000207858038502029,0.00975333872971059
"ENSMUSG00000031802",23.1817865882015,1.98928372904464,0.527146650233969,3.77368181731158,0.000160855891575325,0.00853235598790856
"ENSMUSG00000031910",40.670722748548,-1.00041817457769,0.327161699222979,-3.05787070110504,0.00222915736818599,0.0291374968755902
"ENSMUSG00000032393",1342.53596472729,-1.12307170703936,0.233245548926855,-4.81497594362046,1.47217624101674e-06,0.000679588383690969
"ENSMUSG00000032750",50.8530460971072,1.19541169484111,0.382511842603891,3.12516257458468,0.00177706816311351,0.0262199627520439
"ENSMUSG00000032788",935.433704977926,-1.12996920719502,0.289951334631229,-3.89709952062183,9.73516211030517e-05,0.00684265715407458
"ENSMUSG00000033066",1330.8273337026,-1.04578801877831,0.197974708700857,-5.28243241594314,1.2747986936475e-07,0.000145362156905733
"ENSMUSG00000033624",185.499035139393,-1.39734503010568,0.265870428907364,-5.25573692361459,1.47432916028605e-07,0.000148760339819186
"ENSMUSG00000033752",17.259495139943,1.45892081564627,0.511314137453248,2.8532768972766,0.00432708996616258,0.0401230709131688
"ENSMUSG00000033792",35.6479990556614,-1.25918308983882,0.394502906131862,-3.19182208867669,0.00141378385588854,0.0237506367868067
"ENSMUSG00000034071",25.5008816184566,-1.31823662077586,0.41822700801789,-3.15196435309953,0.00162176070618043,0.0250356114261802
"ENSMUSG00000034218",124.924493798347,-1.02400997582464,0.248647071902381,-4.11832710512136,3.81632734650617e-05,0.00433158600454334
"ENSMUSG00000034584",72.9177848235787,-1.16942196254142,0.302687012948751,-3.86346923559426,0.000111787977704938,0.00731433638692879
"ENSMUSG00000034647",4393.77300361016,1.02035643541385,0.263643178151659,3.87021747563253,0.000108738307767222,0.00725488397134437
"ENSMUSG00000035164",117.278285669354,-1.31684017598215,0.331966821683319,-3.96678249140919,7.28494185556136e-05,0.0058494088806345
"ENSMUSG00000035215",967.062189238269,1.0426601231579,0.239280234518953,4.35748537798808,1.31565285063535e-05,0.00244253811835345
"ENSMUSG00000036151",56.1670544535086,-1.0698690410389,0.376011836402811,-2.84530681606729,0.00443686634829162,0.0406981120657064
"ENSMUSG00000036334",34.8030295958951,-1.01572400525213,0.350598055460661,-2.89711819398867,0.00376607840102003,0.0372270918554641
"ENSMUSG00000036501",501.937019031869,-1.0674364191848,0.203213532809878,-5.25278215690227,1.49818697966532e-07,0.000148760339819186
"ENSMUSG00000036560",184.705718420901,-1.22914364848882,0.32476901450832,-3.78467031514587,0.000153912475010014,0.00848008088119692
"ENSMUSG00000037014",56.5944560594069,-2.2643930342846,0.411395574243354,-5.50417451244904,3.70902013920691e-08,7.91875799720676e-05
"ENSMUSG00000037112",144.123507686127,-1.58339571608203,0.361838480257883,-4.37597381835548,1.20891525613883e-05,0.00232003062638778
"ENSMUSG00000037341",63.9352061767031,-2.11533736136147,0.276643529859518,-7.64643714037215,2.06624397290138e-14,1.76457235285778e-10
"ENSMUSG00000037406",19.1440616609071,1.48014733387375,0.407591147054157,3.63145113570654,0.000281832025041321,0.0111170692556715
"ENSMUSG00000037868",182.643328780087,-1.06657484925582,0.228846964504987,-4.66064669707505,3.15217401158741e-06,0.000997020965146536
"ENSMUSG00000038304",20.7462603926686,1.30947904207766,0.424363657223204,3.08574737678091,0.00203041248456914,0.0280351214522562
"ENSMUSG00000038630",186.279821861674,-2.2649536374895,0.595596807446314,-3.80283038655082,0.00014305230044451,0.00817773495259936
"ENSMUSG00000038690",2259.82829573195,1.06876382152567,0.263783922790614,4.05166399156947,5.08546628958957e-05,0.00502954296745799
"ENSMUSG00000038729",31.731212386974,1.04405691525208,0.368010719741341,2.83702854086942,0.00455355413390575,0.0412332472127651
"ENSMUSG00000038765",13.156468155722,-1.71547971864641,0.626844532078213,-2.73669088722683,0.00620605776695123,0.0487353869698975
"ENSMUSG00000038811",45.5172523724723,1.01404191812276,0.353508839893513,2.86850512261084,0.00412416520073487,0.0390939000651307
"ENSMUSG00000039095",40.348564827376,-2.01538558629821,0.560823739321693,-3.59361675512486,0.000326119414351717,0.0118261562571705
"ENSMUSG00000039221",1287.83102542013,1.00149600602223,0.25951805284971,3.85906103650603,0.000113823509682927,0.00731433638692879
"ENSMUSG00000039652",706.629002051125,-1.13238375028734,0.218578981760961,-5.18066165906893,2.21100214940146e-07,0.000188819583558884
"ENSMUSG00000040380",173.272172393006,-5.03030543418735,1.35800438530345,-3.70418938894907,0.000212067780372962,0.00979258221691274
"ENSMUSG00000040564",19.5230757490134,1.68592725657085,0.484931898722765,3.47662684391626,0.000507763979883897,0.0142641591717384
"ENSMUSG00000040824",1576.6419661947,1.02213673214972,0.290049962833593,3.52400228624109,0.000425080581388014,0.0135202538735703
"ENSMUSG00000041180",98.7632536889952,-1.35983325475087,0.328741412554396,-4.13648297056538,3.52669514617735e-05,0.00418305229838258
"ENSMUSG00000041216",141.551796982391,-1.07674532540388,0.303013012511752,-3.5534623298137,0.000380195643784373,0.0127651957472597
"ENSMUSG00000041710",42.1191879776237,-1.76886909164394,0.443882277338517,-3.98499598193002,6.74812675273895e-05,0.00576290024683907
"ENSMUSG00000041777",923.208531241101,1.05820405320554,0.261557907333777,4.04577351146627,5.21506360984559e-05,0.00502954296745799
"ENSMUSG00000041797",79.7202344107257,-1.28260604742844,0.396133311716968,-3.23781416379556,0.00120449240848209,0.0225331109932904
"ENSMUSG00000042312",323.220632441875,1.01566011067339,0.28187300395669,3.60325428975614,0.000314257813114503,0.011693950867093
"ENSMUSG00000042485",22.7435492651625,1.34530825711841,0.441370207128987,3.04802688398326,0.00230349318631464,0.0294419683258181
"ENSMUSG00000042501",50.9552017414898,1.06046523936619,0.339167183677828,3.12667407225789,0.00176795806870123,0.0262199627520439
"ENSMUSG00000042596",17.8086083288658,-1.78227986048624,0.541937415561761,-3.28871897253812,0.00100644460882696,0.020397561947345
"ENSMUSG00000042631",22.4451849527915,-2.47222833144858,0.49213532194335,-5.02347265318452,5.07454532599838e-07,0.000333358592954048
"ENSMUSG00000042680",246.134299915673,-1.06125481764758,0.245273537070194,-4.32682151659867,1.51276443854608e-05,0.00257865591254257
"ENSMUSG00000042724",266.148841236045,-1.01048589599948,0.211241092190512,-4.7835668975246,1.72211540129938e-06,0.000749011340695763
"ENSMUSG00000043085",25.8101972450251,1.26565896921789,0.388505107094774,3.2577666190348,0.00112292716038303,0.0217742712056373
"ENSMUSG00000043313",81.0920976574832,-1.10052267678348,0.273054703101499,-4.03041099194836,5.56794106708026e-05,0.0052131531062724
"ENSMUSG00000043467",121.142122020413,-1.21686729503689,0.276539186371264,-4.40034307978037,1.08079862117184e-05,0.00228885057851974
"ENSMUSG00000043483",22.1920428401327,1.15246178154232,0.395839916529975,2.91143397473674,0.00359773935058551,0.0365153885116786
"ENSMUSG00000043635",101.397484280656,-1.46208619734422,0.331089402518914,-4.41598609384877,1.00550548674948e-05,0.00225974127811594
"ENSMUSG00000044681",52.7551866546838,-3.68449003268976,1.29547492351582,-2.84412300524531,0.00445338518955155,0.0406981120657064
"ENSMUSG00000044894",2692.47092008059,1.05126332511227,0.282244457233616,3.72465534103345,0.000195582248730447,0.00949018411453419
"ENSMUSG00000045440",19.0117536818782,1.13801989991073,0.418161658050639,2.72148313457499,0.00649897012478115,0.0499317563685984
"ENSMUSG00000046541",102.579525937487,-1.15052373124501,0.266841615469352,-4.31163530928763,1.62051558002224e-05,0.00263603867683617
"ENSMUSG00000046691",147.560206216341,-1.1049755529324,0.346025564311683,-3.19333502173584,0.00140639674967025,0.0237222025131101
"ENSMUSG00000046743",160.518648556311,-1.01654980717335,0.283694508792291,-3.58325514124642,0.000339338858450805,0.0120748077132078
"ENSMUSG00000047227",43.6013210808095,-1.12354582196688,0.365468287851496,-3.07426351154007,0.002110229508796,0.0284915224185558
"ENSMUSG00000047773",25.8567843432275,-1.11214690264806,0.392945792776976,-2.8302807234261,0.00465071782435381,0.0417624380153922
"ENSMUSG00000047959",24.5500786691144,-2.27582992936023,0.489106569352169,-4.65303488434967,3.27084886340778e-06,0.00101574724703645
"ENSMUSG00000048583",57.998975657355,-1.65945350788542,0.464839750417623,-3.56994750641383,0.000357052770806461,0.0124101053929893
"ENSMUSG00000048732",111.877614391156,-1.96971534916964,0.350877765957806,-5.61367957810841,1.98068840242298e-08,4.83287970191208e-05
"ENSMUSG00000049160",42.3455132197014,1.58307607150471,0.52672936557392,3.00548284369869,0.00265159554208903,0.0312771076373485
"ENSMUSG00000050074",44.8671888878919,1.01415182038392,0.320639779934514,3.16290081221689,0.00156205542675419,0.0246859996279094
"ENSMUSG00000050511",96.1462093721183,-1.38510131067222,0.388374094434243,-3.56641014558384,0.000361904818868771,0.0124444944893947
"ENSMUSG00000050777",24.1370488100876,1.53336178187555,0.418283438381351,3.66584387803941,0.000246524295659631,0.0102949510265684
"ENSMUSG00000050808",18.0260383635372,1.34399814331183,0.44957655767517,2.98947558623131,0.00279456779303691,0.0321139529554701
"ENSMUSG00000051149",33.2447939378615,-1.45405735639365,0.500609203481507,-2.9045757574598,0.00367751193762634,0.0368830909539976
"ENSMUSG00000051456",29.8941630690431,1.7395713770377,0.372660963551002,4.66797316376184,3.04185619654209e-06,0.000980281204470545
"ENSMUSG00000051951",107.545377639015,-1.6326948666782,0.3048880693135,-5.35506315597868,8.55265384706588e-08,0.00011236871362145
"ENSMUSG00000052865",23.5966614328797,2.27844152184804,0.594884402305243,3.83005759273369,0.000128113270895444,0.00778534876108416
"ENSMUSG00000053465",43.2238347781496,-1.93614872357971,0.366543923285944,-5.28217384214907,1.27659973863348e-07,0.000145362156905733
"ENSMUSG00000054150",18.6570794171225,-1.73672385427912,0.499037827022282,-3.4801447109571,0.000501143017776601,0.0141668423073991
"ENSMUSG00000054409",84.9176707331251,-1.13335118308666,0.259262029844617,-4.37145070477891,1.23423718298199e-05,0.00234230789837027
"ENSMUSG00000054659",13.3442449639381,-2.49145257809893,0.574229772828891,-4.33877290239587,1.43280485555036e-05,0.00252291824049487
"ENSMUSG00000055333",113.543489949166,-5.12338609899693,1.2806300977069,-4.00067600173607,6.31617891597977e-05,0.00556084205592446
"ENSMUSG00000056054",25.1365705844375,1.58715697330335,0.48311885414293,3.28523086957355,0.00101898838795959,0.0204963493544258
"ENSMUSG00000056071",38.6387889984626,1.3800558472408,0.388275546642243,3.55432078887105,0.000378956679984537,0.0127651957472597
"ENSMUSG00000056476",224.051522288284,-1.19686383901288,0.252358049612584,-4.74272106972727,2.1086651703886e-06,0.00081854547977812
"ENSMUSG00000056553",2102.60144814741,-1.07756636582875,0.283495815158349,-3.80099566981919,0.000144115820885972,0.00817773495259936
"ENSMUSG00000056771",24.5148386551044,-1.49596585834577,0.469292487953542,-3.18770467618025,0.00143406922961628,0.0238731992610586
"ENSMUSG00000056895",380.816625534539,1.05248185976826,0.245778352175971,4.28223987365133,1.85021368130213e-05,0.00282157586398575
"ENSMUSG00000057863",2027.29609864415,1.00202315417263,0.288667803304671,3.47119818248332,0.000518141438703678,0.0143965725183078
"ENSMUSG00000058503",1428.14521112629,1.02574939013305,0.297555271202152,3.44725665920461,0.000566310308929125,0.0152236564292479
"ENSMUSG00000058626",27.1307520665759,1.74049730376254,0.605976811048071,2.87221766910891,0.00407602108898833,0.0388860072087967
"ENSMUSG00000059395",23.7095041016724,1.37334501098246,0.49238961996031,2.78914289682459,0.00528477416351432,0.0446786950076545
"ENSMUSG00000059534",1624.06651949472,1.030652219103,0.285797219475373,3.60623599136104,0.000310670624603293,0.011693950867093
"ENSMUSG00000060143",426.852642520968,1.12663904806636,0.261618675757532,4.30641675256598,1.65920330062652e-05,0.00267350871459442
"ENSMUSG00000060716",320.433315861758,-1.2571224663339,0.271213147072057,-4.63518262261786,3.56622496413101e-06,0.00108769861405996
"ENSMUSG00000062319",270.960622674042,2.07620778918854,0.708536272936888,2.93027734569275,0.00338659592784787,0.0354647813903383
"ENSMUSG00000062619",76.082604973753,1.22806450370253,0.332466787063644,3.69379604666329,0.000220931024761157,0.00998280926698561
"ENSMUSG00000063415",144.43669645028,-1.11195575855447,0.244904260643457,-4.54036918603598,5.61558114128593e-06,0.00152244644274863
"ENSMUSG00000063787",456.031897977155,1.09055234174569,0.248621748592471,4.38639156839523,1.15246574796662e-05,0.00228885057851974
"ENSMUSG00000064359",62.0862666144416,1.25340878692536,0.348270882560828,3.5989479732244,0.000319507095610327,0.0117358735333858
"ENSMUSG00000064361",33.6595756334904,1.70768280670509,0.532156220346239,3.2089877772997,0.00133203154520109,0.0231415642523389
"ENSMUSG00000065162",13.4117034065186,1.64271267850484,0.569363282301833,2.88517494816956,0.00391196204264429,0.037963813459298
"ENSMUSG00000066571",160.728892613645,-1.48057266458107,0.358289248975399,-4.13233907747739,3.59090162196671e-05,0.00420086299336927
"ENSMUSG00000067795",16.6913551130212,1.4997536837179,0.470956482072948,3.1844846409516,0.00145012006012438,0.0239177233989103
"ENSMUSG00000068130",39.4652498712798,1.06442438820439,0.380725076493135,2.79578219015363,0.00517742803980214,0.0442452196152732
"ENSMUSG00000069804",114.531038513966,1.16157573257795,0.359443722653453,3.23159276229133,0.0012310236017401,0.0226574919662628
"ENSMUSG00000069919",1569.13434915247,1.46392947518537,0.531754211887444,2.75301904988999,0.00590484601883782,0.0472609044056935
"ENSMUSG00000070167",19.9079635901653,1.50061170650881,0.468337678843225,3.20412337998356,0.00135474407088746,0.0233491712722077
"ENSMUSG00000070394",622.749693291072,1.08352907743228,0.262470529571345,4.1281932840302,3.65624724392467e-05,0.00424821108341723
"ENSMUSG00000070858",571.304438605447,1.03788643050828,0.311164289806808,3.33549338567312,0.000851481794057346,0.0185560144738486
"ENSMUSG00000070883",133.283485892187,1.38984970411394,0.362840467751475,3.8304704894877,0.000127898472416238,0.00778534876108416
"ENSMUSG00000070891",35.0397949342085,1.47451286849714,0.451546543401387,3.26547260751904,0.00109281574722913,0.0213806334051244
"ENSMUSG00000071001",16.2398509515779,1.52452599301228,0.536059618304028,2.8439485851136,0.00445582374489877,0.0406981120657064
"ENSMUSG00000071451",140.106930191358,1.01436760607526,0.333998387610848,3.03704342206924,0.00238911037198651,0.0297844365481036
"ENSMUSG00000071528",2677.84870173456,1.15204928088683,0.243875619196413,4.72392150016024,2.31339744758143e-06,0.000863111492558497
"ENSMUSG00000072294",132.064312889458,-1.40444755718963,0.258456712211984,-5.43397594579673,5.51120134676126e-08,9.41313190026822e-05
"ENSMUSG00000072844",74.1813950252141,2.11028060666665,0.415973350194858,5.07311491391965,3.91356000138057e-07,0.000278515020098251
"ENSMUSG00000073422",89.2056984211691,1.09916997046873,0.313554558904145,3.50551423749112,0.000455726126515545,0.0137827083015918
"ENSMUSG00000073435",32.3621743061874,1.08985721037735,0.345413517160981,3.15522455326906,0.00160374619705916,0.0250356114261802
"ENSMUSG00000073656",107.107540561341,1.18637756604662,0.348478228600679,3.40445246984449,0.00066296836787948,0.0162928053573835
"ENSMUSG00000073705",94.4449532790986,1.03154727772463,0.298436428496867,3.45650590619993,0.000547227215510677,0.0149069231912637
"ENSMUSG00000074001",192.117226110922,1.14419641467139,0.31410970207669,3.64266498967306,0.000269829917107749,0.0107202166467394
"ENSMUSG00000074283",43.4379665072891,-1.62856621017749,0.42069150005833,-3.87116499846486,0.000108316440742441,0.00725488397134437
"ENSMUSG00000074527",18.6209226449376,-1.47705981164708,0.483142397705651,-3.05719352857739,0.00223419977531037,0.0291399767121148
"ENSMUSG00000074578",607.449729297893,1.0321728261133,0.240225803943117,4.29667758072197,1.73377084577808e-05,0.00271677119687061
"ENSMUSG00000077637",15.1723090108465,-1.40839331122407,0.480815765076748,-2.92917456855696,0.00339863489782022,0.0355371413902665
"ENSMUSG00000078117",140.167134700869,-1.08722185881968,0.237983205232839,-4.56848145126863,4.91270535708152e-06,0.00144670702584401
"ENSMUSG00000078193",58.6878863790523,1.0276349100102,0.319201529233156,3.21939218925101,0.00128462656308098,0.0229267141248351
"ENSMUSG00000078202",97.3760911178696,-1.04811411692589,0.367579946450911,-2.85139090705498,0.00435284200079056,0.0402573897468134
"ENSMUSG00000078653",14.6592655076833,-1.52168790820332,0.53121985217262,-2.86451626756759,0.00417646702030199,0.039389318998762
"ENSMUSG00000078796",15.0618244289048,-1.39380521898354,0.484843840557084,-2.87475080096317,0.00404346493327705,0.038712097006935
"ENSMUSG00000079017",14.7571991751206,1.74625531183259,0.517061904539478,3.37726546183651,0.000732103577658988,0.0171292179539939
"ENSMUSG00000079184",2172.76782163773,1.06333132458514,0.274292842987854,3.87662803375526,0.000105914087475102,0.00717414009968837
"ENSMUSG00000079645",13.7419145986193,-1.94572597759654,0.627887827520716,-3.09884328428448,0.00194277755286492,0.0274690733467987
"ENSMUSG00000081094",61.0855555668859,1.10106490248941,0.342419557201934,3.215543269452,0.00130197865275627,0.022985461214067
"ENSMUSG00000081344",29.6742461345976,1.0055050218424,0.358449098077071,2.80515428058409,0.0050292500818666,0.0435208980825569
"ENSMUSG00000081487",83.1327104153401,1.39181422149348,0.347246133139734,4.00814894296722,6.11965224867202e-05,0.00544394064621448
"ENSMUSG00000081656",55.1105460528184,1.81118257907195,0.509477145508345,3.55498297625264,0.000378003562947224,0.0127651957472597
"ENSMUSG00000082062",31.8844615290076,1.24833158078115,0.398866305871958,3.1296992561259,0.00174985351946167,0.0261026184387819
"ENSMUSG00000083306",32.3061876247659,1.85053931922309,0.539245078534811,3.43172222220592,0.000599761530778642,0.0155446539388455
"ENSMUSG00000083421",252.591404564531,2.29643526407876,0.739160386355672,3.10681593125007,0.00189114111712557,0.0270298663435187
"ENSMUSG00000084029",18.3016307602225,1.75974744981381,0.576616611481356,3.05185007641895,0.00227435666527498,0.0293431429482584
"ENSMUSG00000084202",27.3640254384145,1.57964945647522,0.471440204678822,3.35068889076057,0.000806108108863222,0.0180341158219778
"ENSMUSG00000084383",26.8058746827112,1.95181352818665,0.658696078554612,2.96314733263564,0.00304510778836072,0.0335337590916601
"ENSMUSG00000084911",31.8678664286984,-2.25154097759135,0.418862135126849,-5.37537482806722,7.64235289744235e-08,0.000108776156240263
"ENSMUSG00000084947",74.7634563880281,2.00664259889131,0.425033727687633,4.72113733140265,2.34529513146776e-06,0.000863111492558497
"ENSMUSG00000084978",66.8843804999622,2.07798298853527,0.719143215940615,2.88952595599103,0.00385823153792036,0.0377334639021987
"ENSMUSG00000085024",19.451223042744,1.25449843920023,0.445693756915839,2.81470947199541,0.0048821348464038,0.0430341548303843
"ENSMUSG00000085035",15.7306264051128,1.72307021425829,0.50552668924033,3.40846537073562,0.000653293764463131,0.0161903336789867
"ENSMUSG00000085192",26.7747005092912,1.20964712344063,0.415538879091321,2.91103235895959,0.00360236707506899,0.0365153885116786
"ENSMUSG00000085286",14.4229661009257,-1.95909778061679,0.548143421563311,-3.57406055340302,0.000351487587440386,0.012327326475322
"ENSMUSG00000085360",22.2093433475094,1.77456019639204,0.614735471414241,2.88670538615502,0.00389298569625373,0.0378657150865681
"ENSMUSG00000085371",18.9163636019976,1.81986840716989,0.56950095886934,3.19554932933382,0.00139564922829601,0.0236506136727815
"ENSMUSG00000085456",30.4973017547536,1.61495289180148,0.504930643988351,3.19836577761508,0.00138208854338464,0.0235589544121853
"ENSMUSG00000085791",70.7453241962275,1.13709559359466,0.364313458930639,3.12120116817081,0.00180114947903392,0.0263553902106615
"ENSMUSG00000085944",31.8801313203079,-1.14329887656985,0.39846079784207,-2.8692882280053,0.00411396719631908,0.0390804002853893
"ENSMUSG00000086095",38.8847281871257,-1.37968454607644,0.490982275457437,-2.81004959861539,0.00495338657847254,0.0432093170379525
"ENSMUSG00000086199",26.4541053196943,2.27814864074172,0.605983832381813,3.75942148784313,0.000170306711492263,0.00895027271473184
"ENSMUSG00000086228",74.0586211027487,-1.01903489477636,0.321452923924281,-3.17009060715963,0.00152391409639749,0.0243830432218129
"ENSMUSG00000086446",132.488514935534,1.00008721693196,0.318589492757993,3.1391092288522,0.00169462267568351,0.0256344048080023
"ENSMUSG00000086567",86.8122628718207,1.33237034152728,0.379488599063057,3.51096276625136,0.000446486930780519,0.0136422124825246
"ENSMUSG00000086837",26.9123468690801,1.05228485852196,0.364962721696421,2.88326668989842,0.00393574076343716,0.0380929672995093
"ENSMUSG00000086859",528.176693392831,1.04860181120263,0.253709979703746,4.13307278029451,3.57945317468763e-05,0.00420086299336927
"ENSMUSG00000086943",13.9743839830321,1.55486997889186,0.551167219801596,2.82104944385403,0.00478668245916745,0.0425372197724141
"ENSMUSG00000086965",16.4008792578816,-1.43245994202852,0.490232737457405,-2.9219997617009,0.00347791806604001,0.0359146557242825
"ENSMUSG00000087018",18.3153445592684,-1.59410275648664,0.524521123018048,-3.03915836089558,0.00237240111568956,0.0297231587547338
"ENSMUSG00000087314",24.4187563310831,-2.05960399696091,0.583787011782152,-3.52800585726199,0.000418702891643246,0.0134365393365246
"ENSMUSG00000087431",16.0665388235692,-1.7629793890282,0.518625387338319,-3.39933106259248,0.000675508962370973,0.0163887685757049
"ENSMUSG00000087516",26.757430650075,1.39800933472868,0.398155872149432,3.5112111424643,0.00044606994891234,0.0136422124825246
"ENSMUSG00000087590",115.213921278608,1.07964998350459,0.338088633505024,3.19339331911774,0.00140611281796067,0.0237222025131101
"ENSMUSG00000087632",43.3716392495259,2.84261091431025,0.558911070115127,5.08598069765324,3.65731250567491e-07,0.000278515020098251
"ENSMUSG00000087675",16.0943393949437,-1.41002829781555,0.498436433311212,-2.82890295247571,0.00467078602361189,0.0418557320478967
"ENSMUSG00000089352",15.1841160470691,1.81711742021356,0.653541483686883,2.78041634015716,0.00542892460186112,0.045210157093997
"ENSMUSG00000089828",20.5916224902041,1.95007455136345,0.61614008536366,3.16498568700082,0.00155090580122334,0.0245956091781752
"ENSMUSG00000089857",63.4800509812163,-1.14767257650899,0.343754689204927,-3.3386383154902,0.000841901048320104,0.0185066536747843
"ENSMUSG00000090053",67.1000650925035,-1.36971206454773,0.375396253641038,-3.64870999980057,0.00026356041373121,0.0106690325480099
"ENSMUSG00000090160",51.0704621447577,1.07829243006376,0.372147652579396,2.89748550767417,0.00376167117313916,0.0372270918554641
"ENSMUSG00000090200",24.4787806296518,1.52810791955845,0.530580714891164,2.88006683369919,0.00397590878720554,0.038364592074084
"ENSMUSG00000090329",18.7084751658472,1.91361964905831,0.665321012171224,2.87623510162915,0.00402449835359217,0.0386605353652161
"ENSMUSG00000090516",15.8810990202979,2.11038046205774,0.674897934569829,3.12696239528851,0.00176622517264491,0.0262199627520439
"ENSMUSG00000090778",119.866726907675,1.4356820301862,0.361200336055072,3.97475275318489,7.04524074355691e-05,0.00580683799812157
"ENSMUSG00000090873",54.2781015203998,-1.22263337250276,0.375378211371932,-3.25707069686938,0.00112568392708301,0.0217742712056373
"ENSMUSG00000091288",37.6169205910612,1.31604193538487,0.436447584921576,3.01534933598348,0.00256683428954789,0.0306917046963171
"ENSMUSG00000091318",189.061595290354,1.18345507076312,0.296039676086988,3.99762317810191,6.39816980710642e-05,0.00557554797476417
"ENSMUSG00000091387",89.1850722834279,-1.17811472143878,0.351702634525466,-3.34974664897904,0.000808855059350664,0.0180341158219778
"ENSMUSG00000091831",22.1030363889974,1.72884783946184,0.555900221042955,3.10999667569524,0.00187089449490391,0.0268754230218325
"ENSMUSG00000091898",150.989144995014,1.02189040329538,0.285717369630593,3.57657780700066,0.000348121732894297,0.0122566010007293
"ENSMUSG00000092526",39.8882065496831,1.41968757782091,0.391855059443427,3.62299157203016,0.000291215314572445,0.0113782315227339
"ENSMUSG00000092540",66.5365516214686,1.45123764336972,0.409890748903707,3.54054744404746,0.000399297837042543,0.0132170679393152
"ENSMUSG00000092563",33.7346184626759,1.47584212083348,0.54065900497959,2.72970968251827,0.00633901222692923,0.0493483723044445
"ENSMUSG00000092603",52.49158243266,1.33952682802217,0.444346064888283,3.01460265741061,0.00257316114603201,0.0307125034061682
"ENSMUSG00000093394",14.1602022796119,1.45264822034282,0.4993298095072,2.90919587151521,0.00362359754994457,0.0366344620063475
"ENSMUSG00000093565",32.0590167384532,1.18069477407919,0.367413833553964,3.21352836026456,0.00131114848854594,0.0230870269941903
"ENSMUSG00000093668",30.4368919633596,1.76981050568001,0.473809390957772,3.7352795015364,0.000187506812643944,0.00927878013767013
"ENSMUSG00000093674",5627.34203014347,1.16232977576256,0.409912469134454,2.83555603521127,0.0045745989248887,0.0413189580312528
"ENSMUSG00000094410",131.836769627384,-2.07980270026777,0.330721257458176,-6.28868768899982,3.20160824966736e-10,1.36708672260796e-06
"ENSMUSG00000094832",55.5224156527339,1.17783663557742,0.400981578981542,2.93738340441729,0.00330994610002819,0.0350271867338795
"ENSMUSG00000095332",60.5718656128434,-1.58805108412158,0.434913617377879,-3.65141724854706,0.000260797133797868,0.0106323048203725
"ENSMUSG00000095334",111.354077616085,-1.2230256982228,0.270966753794799,-4.51356367928808,6.374729731727e-06,0.00164970278511965
"ENSMUSG00000095562",179.887998763389,2.57819053883984,0.738279096758582,3.49216244934931,0.000479126754766683,0.0140368524381045
"ENSMUSG00000095687",23.7994851245347,1.18688229020275,0.426182247510325,2.78491724405765,0.00535413860769737,0.0449827706666643
"ENSMUSG00000096768",717.789466634301,3.28974582732144,0.816980196743508,4.02671428320344,5.65616931799334e-05,0.00522202010547709
"ENSMUSG00000096842",330.783261646291,1.03299388035519,0.273547098871967,3.77629258220971,0.00015917999757711,0.00850675473441046
"ENSMUSG00000096991",43.6644693043043,1.11951800331131,0.350768711075385,3.19161307141421,0.00141480721959477,0.0237506367868067
"ENSMUSG00000097073",14.5112318106792,-1.70574740390869,0.58248379471417,-2.92840319230806,0.00340707912418892,0.0355702392672046
"ENSMUSG00000097090",24.3281549678475,-2.10062570565085,0.571322089069654,-3.67678013127678,0.000236196452697193,0.0101368953014931
"ENSMUSG00000097217",75.399631489045,1.0245481352853,0.317132115345599,3.2306666077284,0.00123501902930859,0.0226574919662628
"ENSMUSG00000097267",14.164706640426,-2.40507980959081,0.578689206750913,-4.15608202387993,3.23751633094117e-05,0.00397818553471044
"ENSMUSG00000097392",1079.60245305741,1.014588878314,0.265546242841472,3.82076156475578,0.000133040225172954,0.00788598655286733
"ENSMUSG00000097464",113.778122601343,1.6698459833638,0.409161597325151,4.08114054271035,4.48152449388128e-05,0.00468845814545478
"ENSMUSG00000097583",127.645848653141,1.03700858975567,0.324523788872391,3.19547788271214,0.00139599482100711,0.0236506136727815
"ENSMUSG00000097620",15.3902518583222,-1.70596049398824,0.542267996662224,-3.14597303268642,0.00165535268024424,0.0253800931585024
"ENSMUSG00000097683",39.2687714210902,1.30516725431314,0.370181539521316,3.52574916620871,0.000422286726681842,0.0134564501711304
"ENSMUSG00000097736",116.536935298265,1.14420352231551,0.309228226205287,3.70019107361794,0.000215437195716919,0.00986505979315005
"ENSMUSG00000097756",35.7979383810062,-1.05176978085869,0.316743139667224,-3.32057635711922,0.000898317820656237,0.019150927837173
"ENSMUSG00000097899",50.3200629997236,1.27458116877982,0.450318112938545,2.83040173636933,0.0046489589211739,0.0417624380153922
"ENSMUSG00000098120",43.5899996492895,1.78670210916652,0.394379686030843,4.53041110496445,5.88690212607124e-06,0.0015538212115843
"ENSMUSG00000098129",13.4368086575065,1.80864658134874,0.532314831135043,3.39770090097283,0.00067954671726553,0.0163935846481571
"ENSMUSG00000098146",52.6490672306461,1.26466913192181,0.406762103046129,3.10911248233563,0.00187650263909529,0.0269214071923952
"ENSMUSG00000098202",142.149955746816,1.25335930091655,0.331929175885522,3.77598413147272,0.000159377137881226,0.00850675473441046
"ENSMUSG00000098424",45.5807553080147,1.07438108889561,0.339762366339154,3.16215448012023,0.00156606461573149,0.0246859996279094
"ENSMUSG00000099625",31.8256486317042,1.2603528131512,0.417187433660426,3.02107089394518,0.00251882377797429,0.0304551833832431
"ENSMUSG00000099773",17.0604252834192,2.1347588074434,0.624056323122576,3.42077906808437,0.00062442035545322,0.0158943363206274
"ENSMUSG00000099924",98.9813033258396,1.50533998497228,0.430278882037039,3.49852165145929,0.000467845102445354,0.0139307591410226
"ENSMUSG00000099966",72.6414612784931,1.3905726084686,0.338571053603073,4.10718102941799,4.00517317589136e-05,0.00447113449962251
"ENSMUSG00000100131",31.6068918281799,-1.0509511804515,0.379529767087584,-2.76908762260267,0.00562135150339505,0.0460271733835031
"ENSMUSG00000100622",22.0693398648429,1.81526157044464,0.544233062545794,3.33544890116245,0.000851618034475651,0.0185560144738486
"ENSMUSG00000100891",76.7693946097352,1.29200917192525,0.294150995583842,4.39233315991611,1.12140679741457e-05,0.00228885057851974
"ENSMUSG00000101135",13.2946338356771,2.17992321613681,0.643336351097886,3.38846578841171,0.000702847962331095,0.0166765146295414
"ENSMUSG00000102215",42.0518151396675,1.12239398137895,0.352717564879572,3.18213237200753,0.00146194983773199,0.0239177233989103
"ENSMUSG00000102302",30.5934064666395,-1.55604101311008,0.358110427187843,-4.34514299214716,1.39184966942341e-05,0.00252291824049487
"ENSMUSG00000102316",85.1682152808756,1.27043738948974,0.369808487905023,3.43539272634548,0.000591695669171219,0.0154765115305428
"ENSMUSG00000102326",60.5286110135241,1.507981112055,0.477465041760422,3.15830685005765,0.0015868842798882,0.0248432479381214
"ENSMUSG00000102344",32.4321787964303,1.10981479930801,0.367253659444901,3.0219298590121,0.00251168740337105,0.0304252630138848
"ENSMUSG00000102410",22.0331037856509,2.0958729624113,0.655160303004344,3.19902312884394,0.00137894105693578,0.0235287844679952
"ENSMUSG00000102494",30.6744063440851,1.42759356357626,0.494636187424662,2.88614864797716,0.00389987915773783,0.0378896109295575
"ENSMUSG00000102496",17.7884095492647,-2.82888112483785,0.568884986474234,-4.97267671339041,6.60347306641843e-07,0.000388921793015265
"ENSMUSG00000102571",16.3653355988175,1.59104999220521,0.554020150730162,2.87182693645404,0.00408106396329573,0.0388976409001624
"ENSMUSG00000102579",68.5546596679571,1.41451975164316,0.393251126434518,3.59698842942462,0.00032192279763805,0.0117494277537225
"ENSMUSG00000102623",25.9913120724356,1.67330139306037,0.529252379584338,3.16163225260233,0.00156887557912838,0.0246859996279094
"ENSMUSG00000102649",64.8456765745244,1.05998052485808,0.33833125320705,3.13296662608168,0.00173049117417223,0.0259304567459909
"ENSMUSG00000102692",19.6791461151439,-1.8110880874132,0.504655719771576,-3.5887596562523,0.000332254969580606,0.011897096185402
"ENSMUSG00000102697",217.649079920881,-1.30901927262693,0.277980087546532,-4.70903971640704,2.48886576094574e-06,0.000878531473498365
"ENSMUSG00000102704",29.1876608272319,1.38922842489856,0.415488475665386,3.34360278627169,0.000826980523091321,0.0182868820051519
"ENSMUSG00000102747",52.5051128432888,-1.27762038734813,0.305553003523287,-4.18133800884323,2.897986806017e-05,0.00366648997383485
"ENSMUSG00000102748",51.1620308442762,-1.18549951205395,0.385534881083054,-3.07494748263404,0.00210539623043451,0.0284907827889078
"ENSMUSG00000102902",37.9774364253352,1.17814988549179,0.425239747890759,2.77055447270758,0.00559609389273874,0.0459746434285607
"ENSMUSG00000102937",20.2092373064926,2.06090419233195,0.677628644218692,3.04134751373767,0.00235521827502933,0.0297096719316211
"ENSMUSG00000103081",49.2306751802556,-1.12835353977002,0.315874508006886,-3.57215764858562,0.000354052162889087,0.012366484544265
"ENSMUSG00000103144",29.2817253465694,-1.65517783637106,0.562533835802058,-2.9423613852687,0.00325719570157382,0.0346838544781053
"ENSMUSG00000103209",21.6474506937269,1.95313293168593,0.523790196007406,3.72884591306538,0.000192358723713165,0.00940274381944039
"ENSMUSG00000103251",25.3316010519493,2.18497555113657,0.584211587185967,3.74004144912833,0.000183989912329902,0.00921186106607653
"ENSMUSG00000103284",32.3263221257677,1.56210455686503,0.442169085499847,3.53282173741106,0.000411149603108067,0.0134272183959575
"ENSMUSG00000103285",61.4723329296344,1.20603468764135,0.408745931672212,2.95057294566179,0.00317185136469903,0.0341204226850994
"ENSMUSG00000103332",76.6824173170913,-1.25873588931713,0.416806724096928,-3.01995101457245,0.00252815571041896,0.0304671391650394
"ENSMUSG00000103364",99.0399151539472,1.46992205849978,0.376653220894394,3.90258725256438,9.51699141412929e-05,0.00679875103672426
"ENSMUSG00000103375",76.3233149086166,1.22936995784866,0.449119952909311,2.73728644181814,0.00619483271203331,0.0486752068193878
"ENSMUSG00000103482",39.5694666012497,1.58692198151765,0.385337841435676,4.11826146013887,3.81741439487727e-05,0.00433158600454334
"ENSMUSG00000103544",53.48283134867,1.60311270881943,0.449487133316106,3.56653748238002,0.000361729091857954,0.0124444944893947
"ENSMUSG00000103563",61.6144724833554,1.5316647952837,0.485727797612717,3.15333979815776,0.00161413797724599,0.0250356114261802
"ENSMUSG00000103567",69.6585014587517,-1.21928485414956,0.367055943257219,-3.32179570048571,0.000894401554383658,0.0191433315148783
"ENSMUSG00000103693",69.0952546963613,1.19187183727127,0.326566563093155,3.64970567097306,0.000262540959620794,0.0106690325480099
"ENSMUSG00000103707",26.7643036722127,-1.65064775355195,0.483862760193348,-3.41139655569353,0.000646310196834488,0.016147714847839
"ENSMUSG00000103762",60.5895236487035,1.43301009737987,0.384347161552651,3.72842638304111,0.000192679176627877,0.00940274381944039
"ENSMUSG00000103770",41.1095650490832,-1.03606752674332,0.359883257758464,-2.87889893293863,0.00399066200801021,0.0384002856883461
"ENSMUSG00000103808",37.3886358907815,1.62314724683984,0.568475634778392,2.85526264898335,0.0043001251026347,0.0399815660059884
"ENSMUSG00000103825",38.5699784024832,1.49281038892526,0.497516754730623,3.00052284617736,0.00269516534614811,0.0314650882516813
"ENSMUSG00000103882",55.3892432638693,1.23373856291094,0.406567617576442,3.03452244983326,0.00240916824448297,0.0298619910898618
"ENSMUSG00000103891",80.2840240403044,1.95264720167398,0.444769097031671,4.39024926575538,1.13220798941676e-05,0.00228885057851974
"ENSMUSG00000103897",76.8147462276656,-1.04379469760761,0.30389525009936,-3.43471869753256,0.000593169224156888,0.0154804769724298
"ENSMUSG00000103898",50.9447809513054,1.01318635355869,0.318453206153479,3.18158628640211,0.00146470884275341,0.023939930176295
"ENSMUSG00000103914",98.9614723740599,1.39625513659712,0.395692432338245,3.52863745294875,0.000417704958065254,0.0134365393365246
"ENSMUSG00000103916",30.4064132429352,1.45683033294178,0.535279432848764,2.72162583417134,0.00649616479544392,0.0499317563685984
"ENSMUSG00000103932",51.889667210182,1.79141548342248,0.470849070089416,3.80464908443439,0.000142005363619192,0.00817773495259936
"ENSMUSG00000103959",52.5908823576635,1.64695087115722,0.436835444171318,3.77018598910056,0.000163125933486854,0.0086259781546609
"ENSMUSG00000103961",17.3161532222277,1.40445786580629,0.500327595030292,2.80707656294924,0.00499933579115282,0.0434768287330855
"ENSMUSG00000103964",27.392607000914,1.27174565362983,0.433483282085314,2.93378246910002,0.00334858803460476,0.0352918457937341
"ENSMUSG00000104063",85.7945239856528,-1.08004437835361,0.39363960342407,-2.74373911811428,0.00607437906020069,0.0480993946908798
"ENSMUSG00000104205",45.7291008718469,1.49447224185775,0.483715433345156,3.08956907064689,0.00200447092728844,0.0278118305752125
"ENSMUSG00000104210",46.7542948272383,1.29564016362817,0.43909927717761,2.95067705862814,0.00317078250623419,0.0341204226850994
"ENSMUSG00000104245",18.9415233851387,-1.39328355470407,0.412889113727254,-3.37447394077927,0.000739569177719595,0.0172374594058213
"ENSMUSG00000104257",37.4127522030442,1.53411021560683,0.444731718797737,3.44951832928414,0.000561587604508329,0.015129205496849
"ENSMUSG00000104272",42.7916930228691,1.28440686183993,0.435158934361802,2.95158104411581,0.00316151568068268,0.0341204226850994
"ENSMUSG00000104292",25.2697865867297,1.68313705247382,0.570571293432901,2.9499154125807,0.00317860940873335,0.0341423658562416
"ENSMUSG00000104318",24.984683713767,-1.17931477330796,0.41191187290889,-2.86302690179755,0.00419614934715319,0.0394391801370446
"ENSMUSG00000104346",101.932975990884,-1.6052875467904,0.373378998767606,-4.29935146885308,1.71298632467491e-05,0.0027090561505044
"ENSMUSG00000104378",18.33097224583,1.4622243477166,0.49061920534867,2.98036508105595,0.00287905032110171,0.0324367938551565
"ENSMUSG00000104388",23.2806998387785,1.76873647937094,0.482437366012432,3.66625100785697,0.000246132341778804,0.0102949510265684
"ENSMUSG00000104396",19.5249561911735,1.85258257280087,0.549092986822087,3.37389589242947,0.000741123911582257,0.0172374594058213
"ENSMUSG00000104459",16.9644981242277,-1.32890684083586,0.475614633425041,-2.79408316616756,0.0052047091456269,0.0443765630128842
"ENSMUSG00000104515",19.4151961410656,1.36957107813253,0.483947154483937,2.83000130374356,0.00465478144549118,0.0417624380153922
"ENSMUSG00000104524",71.7277945936484,1.15434429670124,0.371737749890966,3.1052651957995,0.00190108492570647,0.0271265919223614
"ENSMUSG00000104548",31.2587002169715,-1.12218741265332,0.338725464492883,-3.31297032637738,0.000923107732363651,0.0194890977364291
"ENSMUSG00000104562",41.9007602593019,1.30324907808643,0.395098297094313,3.29854390077346,0.000971876817286771,0.0201112312533864
"ENSMUSG00000104576",23.027173979391,2.36316646007237,0.616354764607885,3.8341010660894,0.000126024321371314,0.00777074154881602
"ENSMUSG00000104625",57.2000662296255,1.42309616333992,0.49423934791836,2.87936638257096,0.00398475110928846,0.0383936031174195
"ENSMUSG00000104682",33.2134649960093,1.05254588633901,0.330991603513321,3.17997760416496,0.00147286434951479,0.0240043159252982
"ENSMUSG00000104696",26.7365540532478,1.6008344377346,0.466370338352195,3.43253913486598,0.000597957577295836,0.0155433112711835
"ENSMUSG00000104851",32.7599124883035,1.40863235986288,0.396496687662149,3.55269641259439,0.000381304242187499,0.012769953836397
"ENSMUSG00000104871",174.412506051732,1.54296378987167,0.551349693152036,2.79852117274362,0.00513372035986905,0.0440622832897303
"ENSMUSG00000105136",17.158624424589,2.16908880404353,0.708066141474379,3.06339856828476,0.00218838378275799,0.0289493447996141
"ENSMUSG00000105201",34.0842716417586,1.3151384990173,0.441350263318013,2.97980676193611,0.00288430271208461,0.0324686163961868
"ENSMUSG00000105282",24.7770489883216,1.97737139723159,0.537802042763717,3.67676438540481,0.000236211026346268,0.0101368953014931
"ENSMUSG00000105302",103.406611940975,1.17186949960675,0.309754065216578,3.783225568928,0.000154808997185135,0.00850205039203249
"ENSMUSG00000105322",83.993691593137,1.33572571373342,0.437148746551509,3.05554053230261,0.00224655235260154,0.0292275663038716
"ENSMUSG00000105332",66.4841284214212,1.27923364639006,0.397287467269276,3.21991945827733,0.00128226617074622,0.0229249556510354
"ENSMUSG00000105431",31.3772747208462,2.52790223788619,0.593018630346163,4.26277035581593,2.01907988172069e-05,0.00299877255476429
"ENSMUSG00000105454",34.194874710015,1.50106621933917,0.522001320336446,2.87559851069282,0.00403262287895207,0.0386950554901693
"ENSMUSG00000105519",31.0158944057825,1.77400449646261,0.489850622011411,3.62152137151167,0.000292875605497269,0.0113782315227339
"ENSMUSG00000105543",37.0426879446207,1.09680692896518,0.398252503586008,2.75404904950788,0.00588629457228815,0.0472135772207152
"ENSMUSG00000105556",14.0031489848968,-2.80161639606201,0.589054568156149,-4.75612370655506,1.97345566060108e-06,0.000783874946117824
"ENSMUSG00000105572",24.2845794077705,-1.4317437752143,0.411249229094661,-3.48145035643275,0.000498706215794761,0.0141493391458049
"ENSMUSG00000105574",32.8449383767565,1.11478391541706,0.390358551029358,2.85579478783653,0.00429292503040087,0.0399363613939253
"ENSMUSG00000105594",53.2877305402222,-1.29218875204206,0.419904397694894,-3.0773403639868,0.00208856672783077,0.0283792519581142
"ENSMUSG00000105632",36.2464123650104,-1.87906428332837,0.423031362508115,-4.44190301207827,8.91667522077811e-06,0.00210812261515277
"ENSMUSG00000105637",47.5513745215812,1.499983445764,0.528810418393203,2.83652400480633,0.00456075497783192,0.0412452263184687
"ENSMUSG00000105655",39.8033988075756,1.82975499495165,0.497454834863816,3.67823341279327,0.000234854989289231,0.010134550947133
"ENSMUSG00000105683",79.8064192267696,1.2326062359782,0.394222875652289,3.12667354460013,0.00176796124149333,0.0262199627520439
"ENSMUSG00000105703",126.044135901943,-2.27107482142589,0.344039871653418,-6.6011965721047,4.07852326861972e-11,2.32203924760083e-07
"ENSMUSG00000105740",33.7860606222958,1.6223444521001,0.50850044961002,3.19044841227635,0.00142052199105108,0.0237765377704676
"ENSMUSG00000105748",41.7303086573888,1.37126604374814,0.422624109954695,3.24464698404249,0.00117596309477797,0.022294114731627
"ENSMUSG00000105791",118.786158654324,1.79814774974113,0.63595966550845,2.82745565051443,0.00469195139800882,0.0419134570491583
"ENSMUSG00000105814",19.8220605071805,1.74023277146487,0.553796189937288,3.14237042992646,0.00167585867697348,0.0255768275057877
"ENSMUSG00000105922",183.209692076084,1.12151927366848,0.352400518192047,3.18251312291571,0.00146002899301706,0.0239177233989103
"ENSMUSG00000105939",176.138898997371,1.50221018714486,0.520813114307146,2.88435553152939,0.00392215672534326,0.037997978938663
"ENSMUSG00000105942",129.38883400145,1.6971462744988,0.373572284020888,4.54301977714145,5.54540465915265e-06,0.00152244644274863
"ENSMUSG00000106024",43.7908318512995,2.13453721683213,0.53587496357073,3.9832747598599,6.79720928268601e-05,0.00576981686609508
"ENSMUSG00000106054",17.5830653325497,2.10309279304077,0.629254764897129,3.34219605533632,0.000831183298100073,0.0183182073955474
"ENSMUSG00000106190",23.3221065246997,1.63521593508537,0.512560327856307,3.19028970096918,0.00142130240419482,0.0237765377704676
"ENSMUSG00000106237",26.1753757172458,-1.41269745928322,0.439030516680047,-3.21776597664794,0.00129193181153273,0.0229789473709916
"ENSMUSG00000106292",67.3130063401762,1.93677536321696,0.410458044952237,4.71857084307444,2.37507260832842e-06,0.000863111492558497
"ENSMUSG00000106320",60.7243649062908,1.45495409128353,0.468305514050443,3.10684808876031,0.00189093541947381,0.0270298663435187
"ENSMUSG00000106369",43.7461514101972,1.53397475584694,0.529283010198183,2.89821272606609,0.00375295943879347,0.0372270918554641
"ENSMUSG00000106446",221.881978532643,1.14360054016714,0.352679885006099,3.24260211252866,0.00118443495778573,0.0223537558883759
"ENSMUSG00000106491",13.3010455827802,2.40124625901105,0.741810074029495,3.23700950294129,0.00120789389349009,0.0225385714817849
"ENSMUSG00000106636",51.9114377476353,1.32411936277351,0.400722664391428,3.30432860538206,0.000952041692203694,0.019878816751637
"ENSMUSG00000106706",37.9675812955227,1.24775543694512,0.435766760699887,2.86335615626372,0.00419179093973697,0.0394391801370446
"ENSMUSG00000106717",46.55979678121,1.46350221983803,0.456652753222358,3.20484702985117,0.00135134278418318,0.0233491712722077
"ENSMUSG00000106749",25.0485267232673,1.5786042781326,0.445407262242802,3.54418172300044,0.000393833692423964,0.0130869250322983
"ENSMUSG00000106751",23.2317534976625,2.17052592453211,0.604345981648131,3.59152867801454,0.000328743992891925,0.0118960749970214
"ENSMUSG00000106951",45.1507111047806,1.04417668274849,0.352973345544221,2.9582309710626,0.0030941019117219,0.0337251184762029
"ENSMUSG00000107000",45.9971307484135,-1.06478196087201,0.349431024058074,-3.04718782123664,0.00230993325428004,0.0294716658039273
"ENSMUSG00000107043",39.7815325580259,1.27858205606557,0.416624802459803,3.06890528004254,0.00214844697502999,0.0286867403225479
"ENSMUSG00000107091",61.7632361265751,1.67018304621889,0.393144137842278,4.24827152551599,2.15426197477264e-05,0.00314485423325783
"ENSMUSG00000107106",21.9078743993663,1.76018837951171,0.575772589757586,3.05708957116697,0.00223497479466454,0.0291399767121148
"ENSMUSG00000107148",17.8215215328666,2.09837846643157,0.656876702771659,3.19447844257158,0.00140083746844974,0.0236894098624967
"ENSMUSG00000107336",37.2800873967475,1.48003149032114,0.303162256547856,4.88197807726605,1.0502693477374e-06,0.000543593953313782
"ENSMUSG00000107362",65.8843827532956,1.17776866812549,0.359694302382592,3.27436008945382,0.00105901566875165,0.0209351708591182
"ENSMUSG00000107414",31.2257989262554,1.96493297825451,0.59445612974622,3.30542975323235,0.000948308721437522,0.0198494031398932
"ENSMUSG00000107512",138.409733622525,1.0079278183514,0.258619835930286,3.89733376299527,9.7257538651174e-05,0.00684265715407458
"ENSMUSG00000107576",25.3186994396826,1.65521233175187,0.585704382773696,2.82602005454244,0.00471303132283719,0.0420358093963756
"ENSMUSG00000107606",41.0672605866656,1.06364168491905,0.37259141472054,2.85471334790907,0.00430756887082402,0.0399940138398185
"ENSMUSG00000107624",78.9986349797224,1.26205378728812,0.413676758638888,3.05082110834707,0.00228216503556452,0.0293522091458533
"ENSMUSG00000107729",23.6484007206816,2.02159913039315,0.599350857973426,3.37298112365894,0.000743590501629256,0.0172374594058213
"ENSMUSG00000107810",52.0131763144017,-2.11851562951059,0.354337448640259,-5.9788081605267,2.24776073703297e-09,7.67835067770463e-06
"ENSMUSG00000107826",126.543388770726,1.13658991181836,0.343910363264861,3.30490160583797,0.000950097484007083,0.0198625030928286
"ENSMUSG00000107840",138.057652070778,1.78518921127858,0.557141710892662,3.20419235604944,0.00135441953060036,0.0233491712722077
"ENSMUSG00000107886",69.587268792938,2.03797515534826,0.470668800714363,4.32995591009028,1.49139199009489e-05,0.0025730277970526
"ENSMUSG00000107905",47.7575189222947,2.44092719811303,0.521147375401204,4.68375609919151,2.81665143574543e-06,0.000929942566222278
"ENSMUSG00000108037",29.3520586978687,-1.22243604918872,0.447983907451686,-2.72874991457268,0.00635748970853402,0.0494246355128635
"ENSMUSG00000108077",97.5360617728002,1.04617242475606,0.339347268560165,3.08289625902966,0.0020499660448683,0.0281911594576092
"ENSMUSG00000108088",166.522104138795,1.70430816662627,0.575220362268527,2.9628787129595,0.00304776634170665,0.0335337590916601
"ENSMUSG00000108123",16.5409581211902,2.16966145560824,0.565534949182651,3.83647634641144,0.000124812211083709,0.00774446741942361
"ENSMUSG00000108148",14.9902038898434,1.37923437614141,0.487397210748634,2.8297953819287,0.00465777823904469,0.0417624380153922
"ENSMUSG00000108171",38.4672291938778,1.51447967556513,0.527901971483128,2.86886535261506,0.0041194712532097,0.0390927420402173
"ENSMUSG00000108267",20.6097244249771,1.31295887377861,0.406348400978329,3.23111613240636,0.00123307828811717,0.0226574919662628
"ENSMUSG00000108414",224.146961672466,1.01150593041996,0.24121824369372,4.19332267299106,2.74897981693249e-05,0.00353026881753436
"ENSMUSG00000108455",39.3049011520979,1.27920218398708,0.466778778810803,2.74048916115265,0.00613478053800912,0.0483758317586315
"ENSMUSG00000108494",27.4651280780636,1.58836852484815,0.562045286600005,2.82605078757392,0.00471257915029105,0.0420358093963756
"ENSMUSG00000108521",32.2327735365907,1.54041299634482,0.499259094219999,3.08539797107039,0.00203279954596756,0.0280454089217496
"ENSMUSG00000108635",21.1580874004985,2.3659541615787,0.705169593427957,3.35515623990163,0.000793201715760455,0.0179602963046188
"ENSMUSG00000108693",23.6810182169166,2.33905088309412,0.488479538241316,4.78843165368904,1.68089790362769e-06,0.000749011340695763
"ENSMUSG00000108880",532.932812955443,1.61206248821035,0.539849165952634,2.98613499821873,0.00282527889520201,0.0321679730843835
"ENSMUSG00000108893",45.4369956779016,1.64677746221238,0.482921460872018,3.41003164207856,0.000649553429473342,0.016147714847839
"ENSMUSG00000108920",230.926183687564,1.39576136939432,0.336456051208813,4.14842106236357,3.34776240344261e-05,0.00407005954059993
"ENSMUSG00000108953",41.9812051411827,1.30982632147675,0.430060248466585,3.04568098573872,0.00232154010121987,0.0295029054530025
"ENSMUSG00000108956",83.0250746481634,1.50705264224721,0.39882635197037,3.77871882036315,0.000157637297015247,0.00850675473441046
"ENSMUSG00000109010",13.3733640863494,1.9050841590985,0.575597790362877,3.30974890973342,0.000933796978365486,0.0196177766180597
"ENSMUSG00000109094",42.9074475043062,1.16253552873978,0.426550122772981,2.72543709794805,0.00642164112333966,0.0496521640500866
"ENSMUSG00000109118",23.9292067573685,1.58418185640427,0.488355626744227,3.2439103179085,0.00117900861479188,0.0223006280627302
"ENSMUSG00000109162",171.264708345675,1.46163947093436,0.363445984690853,4.0216140293244,5.78007149023388e-05,0.00526388744701909
"ENSMUSG00000109239",77.0533081852573,2.32756331003197,0.783748635331148,2.96978291904589,0.00298010256604425,0.03318169753334
"ENSMUSG00000109353",150.954167226361,1.76672599221642,0.357229052586514,4.94563916183316,7.58944292131034e-07,0.00041815382289026
"ENSMUSG00000109385",15.4752938927878,2.07787067404814,0.592105089899015,3.50929372081994,0.000449298427445103,0.0137036020370756
"ENSMUSG00000109413",35.1358992669651,1.60852177451172,0.512844557847288,3.13647039809418,0.0017099469780844,0.0257565853510493
"ENSMUSG00000109416",55.0279445729552,1.48128716679681,0.400521207801941,3.69839883117827,0.000216963793589832,0.00988197758537154
"ENSMUSG00000109505",185.399815169265,1.0595815226631,0.284428044574035,3.72530607609368,0.000195078374799503,0.00949018411453419
"ENSMUSG00000109562",78.269261164264,2.3023097933447,0.777759371284332,2.96018264562064,0.00307456705406439,0.0335979560354573
"ENSMUSG00000109574",30.1417521977035,2.0542865945489,0.589040441763928,3.48751367291044,0.000487533994432644,0.0140906110251086
"ENSMUSG00000109625",95.1844708512241,1.12171188817615,0.340095826035155,3.29822303688079,0.000972988148912232,0.0201112312533864
"ENSMUSG00000109648",50.6341884222382,1.90059551249969,0.477395727444313,3.98117411455341,6.85756922609661e-05,0.00576981686609508
"ENSMUSG00000109754",23.4411851712651,1.70180972101662,0.554371350691164,3.06980098970641,0.00214201449011412,0.0286701524612831
"ENSMUSG00000109792",14.9335494322755,-2.12201331408167,0.550148063898123,-3.85716764873434,0.000114708490381537,0.00731433638692879
"ENSMUSG00000109807",22.6022065574314,2.35569699248603,0.582432133409342,4.04458623993949,5.24156117217519e-05,0.00502954296745799
"ENSMUSG00000110038",14.0861557788062,2.06117998914922,0.585098341828712,3.52279239538955,0.000427025714401443,0.0135568758401053
"ENSMUSG00000110050",44.0045683785627,1.4671753144741,0.505499297449255,2.90242799916331,0.00370282266774509,0.0369633028434168
"ENSMUSG00000110079",37.6854372190653,1.6768840190463,0.547068949439514,3.06521512647411,0.00217513480421447,0.0288890376796137
"ENSMUSG00000110156",43.0863664031108,1.42665604486066,0.438232122995199,3.25548030370264,0.00113200747943897,0.0218224466690944
"ENSMUSG00000110159",81.1910840713874,1.07644547543788,0.322066198553565,3.34231123996346,0.000830838427076044,0.0183182073955474
"ENSMUSG00000110458",17.9031930284346,-1.49200540842631,0.48563529433744,-3.07227548290508,0.00212433573292828,0.0285923201878763
"ENSMUSG00000110790",48.4289961880377,-1.20630471899193,0.315070216175083,-3.82868534397295,0.000128829591745693,0.00778534876108416
"ENSMUSG00000110945",78.5610119137204,1.13366525421226,0.323147707767229,3.5081952523979,0.000451157796895084,0.0137164670458605
"ENSMUSG00000111361",21.6162831761862,1.50432461187774,0.526734177012388,2.85594646698302,0.00429087474798931,0.0399363613939253
"ENSMUSG00000111854",13.2950833695939,1.98280492984856,0.572057208089594,3.46609552647752,0.000528075621158513,0.0145711334561994
"ENSMUSG00000111945",19.0854420481594,1.74628204170198,0.625779670910354,2.79057010458901,0.00526153044839773,0.044621122174098
"ENSMUSG00000112015",70.2377714847959,1.36280514946067,0.370971750195107,3.67360897088235,0.000239148619023373,0.0101858968285574
"ENSMUSG00000112033",17.7948895016831,2.38167355172561,0.773400052129292,3.07948460200964,0.00207359088990138,0.0283335459196124
"ENSMUSG00000112067",42.8897574743146,1.93057454822992,0.437715174539535,4.41057258355467,1.03097640011729e-05,0.00228689310571471
"ENSMUSG00000112090",27.1043463329019,1.38889327473336,0.485612518640466,2.86008540023173,0.00423526938853006,0.0396809660757507
"ENSMUSG00000112106",18.6445355637648,1.74880911405561,0.5705074819206,3.06535701892688,0.00217410302088135,0.0288890376796137
"ENSMUSG00000112195",18.3227895057379,1.77024514957622,0.614044007414404,2.88292879370374,0.003939964926374,0.03810566304783
"ENSMUSG00000112278",59.6711979363437,1.24890795669777,0.392256839741877,3.18390358092827,0.00145303403116509,0.0239177233989103
"ENSMUSG00000112358",29.4967872460377,-1.31557833423938,0.416120437377443,-3.16153261428513,0.00156941242390156,0.0246859996279094
"ENSMUSG00000112381",18.2453714190518,1.40159038239045,0.462713161012666,3.02906962776467,0.00245308139142291,0.0300724721704877
"ENSMUSG00000112448",57.1702393423976,2.00107168860729,0.438466357693787,4.56379754910361,5.02365250478518e-06,0.00144923050278258
"ENSMUSG00000112576",67.5613930084693,1.67011704232781,0.462879792155865,3.60810100296067,0.000308446417138822,0.011682256115838
"ENSMUSG00000112595",190.445063785335,1.90577991022543,0.665392246127527,2.86414505326258,0.00418136485475966,0.0393920086703227
"ENSMUSG00000112639",56.0209786920034,1.35847351976609,0.364268396307883,3.72932028563327,0.000191996983363778,0.00940274381944039
"ENSMUSG00000112734",32.679606434626,1.6247076304873,0.51393526453545,3.16130793623567,0.00157062359540281,0.0246859996279094
"ENSMUSG00000112806",24.7015260613985,1.94617021990378,0.582539607090306,3.34083759493127,0.0008352606566522,0.0183843453809531
"ENSMUSG00000112838",25.7848027214806,2.3465115676579,0.637598049997383,3.68023642429198,0.000233017807012389,0.010134550947133
"ENSMUSG00000112866",51.9683479475403,1.14630306340651,0.406299929380789,2.82132232991894,0.00478261215338198,0.0425231731284561
"ENSMUSG00000112947",75.1704884439955,1.20959686446607,0.41803467285798,2.89353238619279,0.00380935003817365,0.0373929302597736
"ENSMUSG00000113170",22.2329961036797,1.27657695032122,0.408811802832056,3.12265189379978,0.0017922959518992,0.0262542151444582
"ENSMUSG00000113183",40.2151905154423,1.42421566913382,0.455840087437088,3.1243756492355,0.0017818281802156,0.0262199627520439
"ENSMUSG00000113184",133.448895127022,-1.44041853953397,0.290671572730767,-4.95548472801,7.21501898367227e-07,0.000410775080803741
"ENSMUSG00000113328",66.156209833375,-1.04875421349698,0.31330380351391,-3.34740338845078,0.000815724153781898,0.0181413652950453
"ENSMUSG00000113459",21.4720633556057,1.37562857999137,0.4378360883039,3.14188029890435,0.00167866648910937,0.0255768275057877
"ENSMUSG00000113680",35.2418196724791,1.98615919993153,0.463177022321808,4.28812118091552,1.80190785786601e-05,0.00277266542453617
"ENSMUSG00000113722",49.7950699228521,1.10097954784672,0.31556598206722,3.48890441433005,0.000485004547536592,0.0140906110251086
"ENSMUSG00000113810",100.049809538333,1.76584487165247,0.622064953978007,2.83868245648653,0.00453002125860723,0.0410961620264312
"ENSMUSG00000113918",23.509578864619,1.50619060838497,0.437769914971616,3.44059871835328,0.000580428657639707,0.0152989528896392
"ENSMUSG00000113960",87.8366426921621,1.26831486345074,0.366031662076015,3.46504140176634,0.000530149856988741,0.0145812553258739
"ENSMUSG00000114095",14.067472542879,2.58661748629624,0.753317278194902,3.43363621301012,0.000595542890972284,0.0155059033198272
"ENSMUSG00000114230",98.3178016773374,-1.82889879040552,0.338278296278421,-5.40649166832812,6.42712156094533e-08,9.9795669328133e-05
"ENSMUSG00000114246",21.2675633217847,1.53519798493194,0.426703084350939,3.59781318962608,0.000320903967166628,0.0117494277537225
"ENSMUSG00000114501",121.543985958703,1.01480089889913,0.36735918941126,2.76242143425207,0.00573743682099999,0.0466828232591515
"ENSMUSG00000114563",15.4341295804753,1.73399372710612,0.533484969387613,3.25031411680927,0.0011527760190438,0.022073334535054
"ENSMUSG00000115023",41.6443981949482,1.83403027774789,0.456171114837692,4.02048752780072,5.80778242427304e-05,0.00526388744701909
"ENSMUSG00000115049",136.199596858814,1.2971426886364,0.325232215555046,3.98835855305009,6.65320535023699e-05,0.00573175272733968
"ENSMUSG00000115087",47.0190156604268,1.78935247832529,0.537357596268165,3.32991008362394,0.000868740332347877,0.0187586408046798
"ENSMUSG00000115276",105.744250313784,1.28504133111895,0.391060154997197,3.28604516389085,0.00101604717461248,0.0204963493544258
"ENSMUSG00000115471",20.6298660766298,1.58123027491082,0.533815979310275,2.96212615619689,0.00305522574123828,0.0335363078266393
"ENSMUSG00000115505",99.8808632669521,1.53232669663842,0.363099180476389,4.22013262224385,2.44158640601744e-05,0.00335634912934927
"ENSMUSG00000115602",24.979672828309,1.51141733259823,0.528574337086864,2.85942246255865,0.00424413157472528,0.039720420436333
"ENSMUSG00000115624",18.348455226408,-2.118497132221,0.63143409993067,-3.35505658065285,0.000793487532625418,0.0179602963046188
"ENSMUSG00000116004",44.473079902414,2.01232655685722,0.529386435284435,3.80124314249952,0.000143971936545724,0.00817773495259936
"ENSMUSG00000116125",27.0749296197048,1.14840488571605,0.375088549635579,3.0616900644709,0.00220091213337361,0.0290016677118119
"ENSMUSG00000116641",58.1408942887282,-1.73294883319035,0.401219025296957,-4.31920902032932,1.5658942110964e-05,0.0025949175572212
"ENSMUSG00000116735",43.9232857402559,1.23224189479787,0.328505965255471,3.75104876357294,0.000176096443948431,0.00908678931310939
"ENSMUSG00000116835",85.8480854545276,1.71858131373616,0.432597622791743,3.97270170521371,7.10620169548017e-05,0.00580683799812157
"ENSMUSG00000117294",34.5316775687081,1.40920678594276,0.474584029067872,2.96935147335357,0.00298429040855046,0.0331846876159126
"ENSMUSG00000117465",71.8530083670439,-1.38840032536002,0.398135771577873,-3.48725340568515,0.000488008726642123,0.0140906110251086
"ENSMUSG00000117621",14.4658613517613,1.61378679829387,0.52755941221679,3.05896693514154,0.00222101661899656,0.029100902460884
"ENSMUSG00000117648",29.1721391092425,1.2601992015242,0.432624678641168,2.9129156604805,0.00358071296928963,0.0364690384707614
"ENSMUSG00000117871",13.8129387916228,1.366100616245,0.499869231862502,2.73291598915768,0.00627763422568716,0.0490494019097606
"ENSMUSG00000117912",47.8098481212281,1.42396255459168,0.517793872008158,2.75005679203799,0.0059584936668683,0.0475343633022469
"ENSMUSG00000117943",173.153270116749,1.92330527984201,0.67618491243196,2.84434811318796,0.00445023975914046,0.0406981120657064
"ENSMUSG00000117959",17.8682354666615,1.34094763734473,0.422021353738243,3.17744025383238,0.00148581299907105,0.0240899811076109
"ENSMUSG00000117962",27.4142325351704,1.76831744465214,0.528899841398393,3.34338811669288,0.000827620596603185,0.0182868820051519
"ENSMUSG00000118029",31.2375140606962,-1.67085497286902,0.4702248372386,-3.55331075806446,0.000380414791297142,0.0127651957472597
"ENSMUSG00000118038",19.7574723222527,1.48407687606291,0.533704719580599,2.78070779892886,0.00542405338136597,0.0451916252457223
"ENSMUSG00000118353",16.5365458248559,1.6129327693144,0.567521978403227,2.84206221202663,0.00448227440493593,0.0408959651903342
"ENSMUSG00000119880",17.2539184461193,1.61866446287495,0.57670432520049,2.80674930314113,0.00500441717150153,0.0434768287330855
"ENSMUSG00000120006",67.509023024039,1.30118903714079,0.273197573067953,4.76281330953529,1.90912451675591e-06,0.000776377303480738
"ENSMUSG00000120081",40.2304513014419,-1.71845041823349,0.379393479176699,-4.52946745938441,5.9132540253501e-06,0.0015538212115843
"ENSMUSG00000120232",26.2241336549817,1.33688311786258,0.457602151857256,2.92149657171981,0.00348354109425355,0.035929276503533
"ENSMUSG00000120390",309.363216000847,1.14460773308025,0.292330488646085,3.91545794070761,9.02327744697e-05,0.00674267381143336
"ENSMUSG00000120400",39.3580025223994,1.19247790114388,0.399939875034256,2.98164293080738,0.00286706178576067,0.0323657734968884
"ENSMUSG00000120414",149.500017621233,1.01477796409069,0.258843668848027,3.92042798885873,8.83918466641235e-05,0.00668984592557365
"ENSMUSG00000120522",180.828496172343,1.17984776726839,0.325819319556047,3.62117190863949,0.000293271554558207,0.0113782315227339
"ENSMUSG00000120523",14.6989533537954,1.83717476779468,0.653606192876662,2.81082827521703,0.00494141517063212,0.0431710338181057
"ENSMUSG00000120630",74.2821226756959,1.06475099456332,0.3854590831801,2.76229317461909,0.0057396913843219,0.0466828232591515
"ENSMUSG00000120686",25.031164387276,1.20200008644318,0.406851496889675,2.95439514327049,0.00313282594757752,0.0340169530735055
"ENSMUSG00000120695",38.3151912492311,1.05141096436583,0.383115939631788,2.74436758067633,0.00606276088358022,0.0480599202280269
"ENSMUSG00000121001",55.6335386202182,-1.24626088069512,0.292121375307587,-4.26624337018431,1.98791922588243e-05,0.00299877255476429
"ENSMUSG00000121184",160.108558863532,1.09849622198388,0.327960258861093,3.34947967719818,0.000809634949245055,0.0180341158219778
"ENSMUSG00000121201",44.6699710474279,1.41058695787671,0.436117423493285,3.2344200939691,0.00121890022938166,0.0225716082685225
"ENSMUSG00000121207",17.5678176399847,1.8416376143812,0.671687508116219,2.74180715307057,0.00611022034180123,0.0482489891067799
"ENSMUSG00000121596",34.08797376222,-1.25886936410419,0.461628101423186,-2.72702064762334,0.00639090398559315,0.049571589497698
"ENSMUSG00000121697",16.7877174212541,2.56731705201047,0.666959828264848,3.84928288513202,0.000118464133560226,0.00743885073973773
"ENSMUSG00000121706",28.9843281352668,1.67629075260893,0.543167592395439,3.08613911447897,0.00202773927904689,0.0280208631764732
"ENSMUSG00000121777",65.9460279936889,1.17380367177282,0.383712729143,3.05906888831768,0.0022202608904183,0.029100902460884
"ENSMUSG00000121783",195.54470889832,1.0561454280425,0.324058324369446,3.25912142543337,0.00111757824127991,0.0217405881105477
"ENSMUSG00002076625",16.1239680437283,1.48507050018262,0.4674016246776,3.177289983121,0.00148658314329168,0.0240899811076109
